[
  {
    "id": "4a4dcb53-7025-4263-b333-59e678d3d564",
    "bookId": "eb35e853-2574-49d6-9436-09538abe2acb",
    "name": "东海学院操场",
    "aliases": [
      "中级部操场",
      "操场跑道"
    ],
    "description": "学院操场，五班学员日常体能训练（跑步、蛙跳）及升班赛比赛台设置之地；唐舞麟清晨洗漱后前往热身跑步的宽阔跑道，他在此感受身体变化并撞见一名运动装少女",
    "confidence": 0.481,
    "status": "PENDING",
    "chapterRef": "第62章",
    "importanceScore": 0.456,
    "tier": "candidate",
    "storyScore": 2,
    "productionScore": 0.75,
    "pillarCausal": 1,
    "pillarUniqueness": 0,
    "pillarTransition": 1,
    "mentionCount": 5,
    "firstChapter": 62,
    "lastChapter": 1661,
    "chapterAppearances": [
      62,
      65,
      66,
      72,
      82,
      107,
      1661
    ],
    "firstMentionSnippet": "第62章：…不觉得累吗？” 唐舞麟微微一笑，“还好啦！” 正在这时，中级部操场上通往校门的方向，缓步走来一个女孩子。 那是一名身穿白色长…",
    "createdAt": "2026-09-23T07:32:47.976Z",
    "updatedAt": "2026-09-23T07:32:47.976Z",
    "stableKey": "n:东海学院操场",
    "reviewSource": "AI",
    "lockedFields": [],
    "version": 1,
    "missingFromLatestRun": false,
    "archivedAt": null,
    "lastSeenExtractionSessionId": null
  },
  {
    "id": "fe5bcd60-ab51-4f36-8694-42bb7f84f660",
    "bookId": "eb35e853-2574-49d6-9436-09538abe2acb",
    "name": "东海学院教导处",
    "aliases": [
      "教导处"
    ],
    "description": "位于主教学楼内的教导处，龙恒旭办公之地，舞长空曾来此向他道歉并为古月办理入学",
    "confidence": 0.602,
    "status": "PENDING",
    "chapterRef": "第37章",
    "importanceScore": 0.456,
    "tier": "candidate",
    "storyScore": 2,
    "productionScore": 0.75,
    "pillarCausal": 1,
    "pillarUniqueness": 0,
    "pillarTransition": 1,
    "mentionCount": 19,
    "firstChapter": 37,
    "lastChapter": 444,
    "chapterAppearances": [
      37,
      61,
      65,
      67,
      83,
      182,
      329,
      383,
      444
    ],
    "firstMentionSnippet": "第37章：…，一个雄浑的声音在外面响起。 十分钟后。 东海学院中级部教导处。 “这么说，这是一张被子引发的惨案？”龙恒旭冷冷的看着面前…",
    "createdAt": "2026-09-23T07:32:47.972Z",
    "updatedAt": "2026-09-23T07:32:47.972Z",
    "stableKey": "n:东海学院教导处",
    "reviewSource": "AI",
    "lockedFields": [],
    "version": 1,
    "missingFromLatestRun": false,
    "archivedAt": null,
    "lastSeenExtractionSessionId": null
  },
  {
    "id": "3871e256-3bc6-4e12-afc5-0a4aa040c50b",
    "bookId": "eb35e853-2574-49d6-9436-09538abe2acb",
    "name": "海上",
    "aliases": [],
    "description": "唐舞麟与谢邂、乐正宇进行海上切磋的场所，战斗从空中延伸至海面",
    "confidence": 0.619,
    "status": "PENDING",
    "chapterRef": "第1章",
    "importanceScore": 0.3875,
    "tier": "supporting",
    "storyScore": 3,
    "productionScore": 0.125,
    "pillarCausal": 2,
    "pillarUniqueness": 0,
    "pillarTransition": 1,
    "mentionCount": 548,
    "firstChapter": 1,
    "lastChapter": 1699,
    "chapterAppearances": [
      1,
      15,
      16,
      28,
      167,
      196,
      197,
      198,
      199,
      245,
      362,
      462,
      466,
      467,
      468,
      469,
      470,
      471,
      472,
      473,
      474,
      475,
      476,
      477,
      478,
      480,
      483,
      495,
      514,
      550,
      558,
      566,
      579,
      594,
      597,
      616,
      618,
      650,
      651,
      653,
      658,
      660,
      665,
      668,
      674,
      676,
      678,
      679,
      680,
      682,
      694,
      696,
      699,
      700,
      702,
      716,
      743,
      745,
      967,
      1050,
      1052,
      1053,
      1055,
      1058,
      1060,
      1061,
      1075,
      1176,
      1183,
      1184,
      1195,
      1197,
      1198,
      1199,
      1200,
      1201,
      1202,
      1203,
      1204,
      1205,
      1206,
      1207,
      1208,
      1209,
      1211,
      1213,
      1214,
      1215,
      1216,
      1217,
      1218,
      1232,
      1255,
      1286,
      1292,
      1305,
      1307,
      1318,
      1333,
      1363,
      1414,
      1461,
      1462,
      1500,
      1504,
      1508,
      1510,
      1513,
      1517,
      1526,
      1537,
      1550,
      1551,
      1553,
      1554,
      1555,
      1556,
      1557,
      1558,
      1559,
      1560,
      1561,
      1564,
      1566,
      1567,
      1568,
      1569,
      1570,
      1574,
      1575,
      1577,
      1578,
      1580,
      1581,
      1582,
      1583,
      1587,
      1589,
      1594,
      1608,
      1613,
      1637,
      1638,
      1639,
      1642,
      1643,
      1645,
      1646,
      1647,
      1648,
      1649,
      1653,
      1654,
      1655,
      1657,
      1658,
      1662,
      1674,
      1676,
      1698,
      1699
    ],
    "firstMentionSnippet": null,
    "createdAt": "2026-09-23T07:32:47.979Z",
    "updatedAt": "2026-09-23T07:32:47.979Z",
    "stableKey": "n:海上",
    "reviewSource": "AI",
    "lockedFields": [],
    "version": 1,
    "missingFromLatestRun": false,
    "archivedAt": null,
    "lastSeenExtractionSessionId": null
  },
  {
    "id": "14ee4fc9-e193-468e-8829-fac16df211c7",
    "bookId": "eb35e853-2574-49d6-9436-09538abe2acb",
    "name": "戴云儿的寝宫",
    "aliases": [],
    "description": "戴云儿的寝宫，纤尘不染，戴云儿在此设局留下唐舞麟，床底成为她藏身目睹一切的地方",
    "confidence": 0.328,
    "status": "PENDING",
    "chapterRef": "第1192章",
    "importanceScore": 0.3435,
    "tier": "candidate",
    "storyScore": 2,
    "productionScore": 0.375,
    "pillarCausal": 1,
    "pillarUniqueness": 0,
    "pillarTransition": 1,
    "mentionCount": 1,
    "firstChapter": 1192,
    "lastChapter": 1192,
    "chapterAppearances": [
      1192
    ],
    "firstMentionSnippet": "第1192章：…返回唐门星罗帝国分部修炼,后来不知道怎么回事就莫名其妙地到了戴云儿的寝宫,而且还突然情绪失控了 “应该是她给你吃了什么东西,所以才出…",
    "createdAt": "2026-09-23T07:32:47.986Z",
    "updatedAt": "2026-09-23T07:32:47.986Z",
    "stableKey": "n:戴云儿的寝宫",
    "reviewSource": "AI",
    "lockedFields": [],
    "version": 1,
    "missingFromLatestRun": false,
    "archivedAt": null,
    "lastSeenExtractionSessionId": null
  },
  {
    "id": "4cb8dac4-527d-4ea3-bf95-67e18af1db84",
    "bookId": "eb35e853-2574-49d6-9436-09538abe2acb",
    "name": "唐门星罗帝国分部",
    "aliases": [],
    "description": "唐门设在星罗帝国的分部，唐舞麟昨夜曾返回此处修炼；唐舞麟夜间离开后返回的地点，也是雅莉清晨敲门寻人并拉他进房间详谈的地方",
    "confidence": 0.638,
    "status": "PENDING",
    "chapterRef": "第1154章",
    "importanceScore": 0.3435,
    "tier": "candidate",
    "storyScore": 2,
    "productionScore": 0.375,
    "pillarCausal": 1,
    "pillarUniqueness": 0,
    "pillarTransition": 1,
    "mentionCount": 12,
    "firstChapter": 1154,
    "lastChapter": 1194,
    "chapterAppearances": [
      1154,
      1171,
      1182,
      1183,
      1185,
      1192,
      1193,
      1194
    ],
    "firstMentionSnippet": "第1154章：…少在星罗帝国,他已 经是得到了所有民众认可的唐门门主了。 而唐门星罗帝国分部的弟子们,更是对这位新任门主佩服得五体投地 要知道,就算是胡…",
    "createdAt": "2026-09-23T07:32:47.982Z",
    "updatedAt": "2026-09-23T07:32:47.982Z",
    "stableKey": "n:唐门星罗帝国分部",
    "reviewSource": "AI",
    "lockedFields": [],
    "version": 1,
    "missingFromLatestRun": false,
    "archivedAt": null,
    "lastSeenExtractionSessionId": null
  },
  {
    "id": "79cff813-18b8-424f-b8cf-8f1a82db224f",
    "bookId": "eb35e853-2574-49d6-9436-09538abe2acb",
    "name": "初级部",
    "aliases": [],
    "description": "学院初级部，各年级学生在台下观看一年级五班与一年级一班的对决",
    "confidence": 0.549,
    "status": "PENDING",
    "chapterRef": "第99章",
    "importanceScore": 0.3065,
    "tier": "candidate",
    "storyScore": 1,
    "productionScore": 0.625,
    "pillarCausal": 1,
    "pillarUniqueness": 0,
    "pillarTransition": 0,
    "mentionCount": 12,
    "firstChapter": 99,
    "lastChapter": 246,
    "chapterAppearances": [
      99,
      101,
      104,
      107,
      108,
      110,
      135,
      138,
      154,
      182,
      246
    ],
    "firstMentionSnippet": "第99章：…缺了些什么。 下午的课程很快就过去了。或许是因为台风一周让初级部的学员们压抑的久了，今天才一放学，操场上就聚集了大量的学生，…",
    "createdAt": "2026-09-23T07:32:47.998Z",
    "updatedAt": "2026-09-23T07:32:47.998Z",
    "stableKey": "n:初级部",
    "reviewSource": "AI",
    "lockedFields": [],
    "version": 1,
    "missingFromLatestRun": false,
    "archivedAt": null,
    "lastSeenExtractionSessionId": null
  },
  {
    "id": "d91328f0-9604-4181-9209-3dc59d5b056b",
    "bookId": "eb35e853-2574-49d6-9436-09538abe2acb",
    "name": "万兽台",
    "aliases": [],
    "description": "唐舞麟与蓝佛子当前所在之处，唐舞麟判断此地很可能一直被传灵塔的人监控，因此释放电网隔绝视线与探测；比武考核的场地，第八关考核在此进行，其中布满魂兽与梦魇食人花等危险，考核者有生命危险时本应会被传送出去；此地很可能被传灵塔监视；唐舞麟以玉龙月的身份进入的魂兽栖息之地，其禁区内的魂兽都特别强大，是经过了特殊培养的珍稀物种，禁区内能量紊乱、设备无法监控，其中有小湖，唐舞麟在此遭遇泰坦巨猿和天青牛蟒两大传说魂兽；传灵塔掌控的小位面与第八关测试地，入口外有工作人员与医务人员驻守；其内分有关卡与禁区，模拟上古时期魂兽的生存环境并含有不同法则，能让魂与魂灵成长，按在其中的停留时间计分，结束后将对外开放并收取费用；传灵塔掌控的测试秘境，魂师在其中各显其能争取更好成绩；传灵塔能够监测到万兽台内的情况，但画面不算太清晰，部分禁区无法被监测；与召唤魂兽有关的小位面，唐舞麟曾在其中有经历；魂兽并非真正灭绝，至少有一小部分生活在万兽台所在的小位面中且不乏强者，若这些魂兽正被传灵塔圈养则传灵塔将极为可怕；传灵塔推出的地方，可以帮助魂灵无限提升修为，连唐舞麟都承认其非常有吸引力，传灵塔借长赛制为其吸引关注；古月娜提到的关键名称，被她视为在传灵塔塔主支持下经大量试验形成的成果；传灵塔掌控的特殊所在，进入其中的魂师都能获得不小收获，令大量高阶魂师趋之若鹜，为传灵塔带来巨大利益",
    "confidence": 0.75,
    "status": "PENDING",
    "chapterRef": "第1261章",
    "importanceScore": 0.3065,
    "tier": "candidate",
    "storyScore": 1,
    "productionScore": 0.625,
    "pillarCausal": 1,
    "pillarUniqueness": 0,
    "pillarTransition": 0,
    "mentionCount": 214,
    "firstChapter": 1261,
    "lastChapter": 1705,
    "chapterAppearances": [
      1261,
      1263,
      1264,
      1265,
      1266,
      1267,
      1268,
      1269,
      1270,
      1273,
      1274,
      1275,
      1277,
      1282,
      1286,
      1287,
      1288,
      1289,
      1295,
      1300,
      1301,
      1312,
      1313,
      1314,
      1316,
      1318,
      1350,
      1351,
      1352,
      1353,
      1354,
      1355,
      1356,
      1358,
      1380,
      1397,
      1442,
      1482,
      1483,
      1484,
      1526,
      1535,
      1548,
      1549,
      1550,
      1558,
      1639,
      1649,
      1672,
      1673,
      1674,
      1675,
      1677,
      1679,
      1680,
      1684,
      1685,
      1687,
      1704,
      1705
    ],
    "firstMentionSnippet": "第1261章：…第一千三百六十六章 万兽台 唐舞麟自从进入史莱克学院之后,一共也没有进过几次升灵台,但…",
    "createdAt": "2026-09-23T07:32:47.990Z",
    "updatedAt": "2026-09-23T07:32:47.990Z",
    "stableKey": "n:万兽台",
    "reviewSource": "AI",
    "lockedFields": [],
    "version": 1,
    "missingFromLatestRun": false,
    "archivedAt": null,
    "lastSeenExtractionSessionId": null
  },
  {
    "id": "ddc62820-5681-4ad4-ad20-011d25728318",
    "bookId": "eb35e853-2574-49d6-9436-09538abe2acb",
    "name": "邙天工作室",
    "aliases": [],
    "description": "邙天在傲来城开设的锻造工作室，门面不大、招牌破旧，内里摆放着魂导机甲零件，是唐舞麟学习锻造的地方；邙天、龙哥和唐舞麟三人接锻造机甲零件活计的地方，每人有属于自己的工作室，邙天从外面接活后分派；邙天在东海城也有一个工作室；邙天教授唐舞麟锻造的地方，内有唐舞麟的锻造室，唐孜然夜里带唐舞麟来此查看千锻作品；邙天的锻造工作室，唐舞麟在此练习使用千锻沉银锤、完成天龙铁锻造任务，需用每月一件千锻成品作为使用报酬",
    "confidence": 0.67,
    "status": "PENDING",
    "chapterRef": "第8章",
    "importanceScore": 0.3065,
    "tier": "candidate",
    "storyScore": 1,
    "productionScore": 0.625,
    "pillarCausal": 1,
    "pillarUniqueness": 0,
    "pillarTransition": 0,
    "mentionCount": 10,
    "firstChapter": 8,
    "lastChapter": 71,
    "chapterAppearances": [
      8,
      9,
      10,
      11,
      12,
      13,
      15,
      19,
      24,
      25,
      29,
      41,
      67,
      71
    ],
    "firstMentionSnippet": "第8章：…个不大的门面房。 门面房外表看上去有些破旧，上面的招牌写着邙天工作室五个字。 才走到门口，一股金属味道已经扑面而来。 琅玥按…",
    "createdAt": "2026-09-23T07:32:48.001Z",
    "updatedAt": "2026-09-23T07:32:48.001Z",
    "stableKey": "n:邙天工作室",
    "reviewSource": "AI",
    "lockedFields": [],
    "version": 1,
    "missingFromLatestRun": false,
    "archivedAt": null,
    "lastSeenExtractionSessionId": null
  },
  {
    "id": "4c6b96ac-9d2b-4855-b7a1-7fd8448e9f7f",
    "bookId": "eb35e853-2574-49d6-9436-09538abe2acb",
    "name": "史莱克城",
    "aliases": [],
    "description": "大陆核心区域的巨型城市，传灵塔总部天灵塔所在地，与西边的明城并称大陆唯二的巨型城市；联邦建立之前就已存在的城市，土地本就属于史莱克学院。万年前帝天曾带魂兽攻击史莱克城，被史莱克城与学院联合抵御；史莱克学院原有城市范围；文中以重建区域向外延伸约千米、面积比原本史莱克城还大一些作参照；规划中的重建城市，将围绕海神湖建成，即未来重建后的史莱克学院",
    "confidence": 0.641,
    "status": "PENDING",
    "chapterRef": "第16章",
    "importanceScore": 0.306,
    "tier": "candidate",
    "storyScore": 2,
    "productionScore": 0.25,
    "pillarCausal": 2,
    "pillarUniqueness": 0,
    "pillarTransition": 0,
    "mentionCount": 334,
    "firstChapter": 16,
    "lastChapter": 1664,
    "chapterAppearances": [
      16,
      122,
      164,
      170,
      191,
      194,
      195,
      203,
      232,
      233,
      244,
      245,
      246,
      247,
      248,
      251,
      252,
      255,
      277,
      281,
      286,
      287,
      292,
      293,
      294,
      295,
      297,
      302,
      303,
      305,
      306,
      307,
      323,
      327,
      333,
      334,
      340,
      359,
      360,
      394,
      413,
      414,
      415,
      420,
      425,
      430,
      441,
      451,
      461,
      484,
      497,
      498,
      519,
      593,
      594,
      597,
      598,
      617,
      622,
      632,
      633,
      702,
      709,
      710,
      717,
      726,
      728,
      729,
      731,
      732,
      733,
      734,
      736,
      742,
      746,
      750,
      751,
      752,
      753,
      755,
      756,
      757,
      780,
      784,
      804,
      854,
      858,
      878,
      980,
      983,
      989,
      995,
      996,
      997,
      1005,
      1010,
      1011,
      1020,
      1025,
      1026,
      1027,
      1028,
      1035,
      1040,
      1043,
      1054,
      1055,
      1056,
      1058,
      1060,
      1171,
      1172,
      1176,
      1219,
      1223,
      1225,
      1227,
      1230,
      1235,
      1239,
      1241,
      1319,
      1332,
      1334,
      1336,
      1337,
      1341,
      1342,
      1351,
      1358,
      1387,
      1394,
      1395,
      1396,
      1398,
      1400,
      1408,
      1410,
      1467,
      1468,
      1469,
      1482,
      1485,
      1486,
      1487,
      1501,
      1505,
      1519,
      1524,
      1530,
      1532,
      1558,
      1570,
      1601,
      1603,
      1623,
      1662,
      1664
    ],
    "firstMentionSnippet": "第16章：…传灵塔会有七层高，大城市的传灵塔足有十三层高。而传灵塔坐落在史莱克城的总部，经过历年的修缮，足有八十一层，被称作斗罗大陆上最宏伟…",
    "createdAt": "2026-09-23T07:32:48.018Z",
    "updatedAt": "2026-09-23T07:32:48.018Z",
    "stableKey": "n:史莱克城",
    "reviewSource": "AI",
    "lockedFields": [],
    "version": 1,
    "missingFromLatestRun": false,
    "archivedAt": null,
    "lastSeenExtractionSessionId": null
  },
  {
    "id": "5ed2674b-f849-4f2a-9dbb-b1c1caabab3c",
    "bookId": "eb35e853-2574-49d6-9436-09538abe2acb",
    "name": "斗罗大陆",
    "aliases": [
      "斗罗",
      "斗罗陆"
    ],
    "description": "故事发生的世界大陆，无论从事锻造还是魂师职业，到了高层次魂力强弱都有决定性作用；唐舞麟一行返程的目的地，史莱克学院和唐门所在地，与原恩夜辉、叶星澜计划完成三字斗铠的地点；联邦舰队来自的大陆，本章提及这种紫金雷霆雨在整个斗罗大陆的历史上都还是第一次出现，其魂导科技水平以日月联邦为最高；唐舞麟一行人返程的目的地，三字斗铠预计抵达时全部制作完成；唐舞麟一行此行的目的地，大陆局势对唐门和史莱克学院非常不利，联系上宗门意味着距离它已经极近；故事发生的主大陆，被传灵塔圈禁的星斗大森林位于其上，大陆整体生命能量不足、生态平衡遭到破坏；比武招亲宣传覆盖的大陆，议会中呼声最高的提案是必须先整顿其内部",
    "confidence": 0.933,
    "status": "PENDING",
    "chapterRef": "第0章",
    "importanceScore": 0.306,
    "tier": "candidate",
    "storyScore": 2,
    "productionScore": 0.25,
    "pillarCausal": 2,
    "pillarUniqueness": 0,
    "pillarTransition": 0,
    "mentionCount": 6353,
    "firstChapter": 0,
    "lastChapter": 1705,
    "chapterAppearances": [
      0,
      1,
      2,
      4,
      8,
      16,
      22,
      32,
      42,
      92,
      110,
      116,
      121,
      122,
      127,
      132,
      135,
      136,
      150,
      159,
      160,
      161,
      162,
      164,
      167,
      168,
      169,
      171,
      173,
      174,
      179,
      181,
      191,
      192,
      229,
      246,
      252,
      256,
      257,
      262,
      263,
      264,
      265,
      273,
      275,
      277,
      280,
      281,
      287,
      293,
      295,
      300,
      302,
      304,
      308,
      312,
      313,
      315,
      317,
      318,
      319,
      321,
      322,
      323,
      324,
      325,
      326,
      330,
      334,
      336,
      337,
      351,
      353,
      354,
      359,
      360,
      373,
      374,
      377,
      380,
      383,
      384,
      385,
      387,
      388,
      391,
      393,
      394,
      397,
      398,
      399,
      400,
      401,
      402,
      403,
      404,
      406,
      408,
      409,
      410,
      411,
      412,
      415,
      420,
      421,
      422,
      426,
      428,
      429,
      430,
      434,
      435,
      451,
      455,
      459,
      462,
      463,
      464,
      465,
      466,
      470,
      471,
      473,
      475,
      476,
      478,
      479,
      480,
      482,
      483,
      484,
      485,
      486,
      487,
      488,
      489,
      490,
      493,
      494,
      496,
      497,
      498,
      501,
      504,
      505,
      506,
      507,
      508,
      509,
      510,
      511,
      515,
      517,
      520,
      521,
      522,
      524,
      526,
      528,
      531,
      534,
      535,
      539,
      543,
      544,
      546,
      547,
      552,
      553,
      554,
      558,
      559,
      565,
      567,
      571,
      574,
      576,
      577,
      580,
      581,
      583,
      584,
      588,
      591,
      593,
      594,
      595,
      596,
      597,
      598,
      599,
      602,
      605,
      607,
      610,
      611,
      613,
      614,
      618,
      619,
      621,
      622,
      623,
      624,
      625,
      626,
      627,
      628,
      630,
      631,
      632,
      633,
      634,
      635,
      636,
      637,
      640,
      645,
      648,
      651,
      652,
      659,
      674,
      678,
      682,
      685,
      692,
      694,
      696,
      705,
      706,
      709,
      710,
      712,
      713,
      714,
      715,
      716,
      718,
      720,
      724,
      726,
      727,
      728,
      729,
      730,
      731,
      732,
      733,
      734,
      737,
      740,
      742,
      743,
      746,
      748,
      750,
      751,
      752,
      753,
      754,
      755,
      756,
      757,
      758,
      760,
      761,
      762,
      763,
      764,
      765,
      766,
      767,
      768,
      769,
      770,
      771,
      772,
      773,
      774,
      775,
      776,
      777,
      779,
      788,
      794,
      795,
      796,
      797,
      799,
      802,
      804,
      806,
      808,
      812,
      815,
      817,
      818,
      820,
      821,
      822,
      823,
      824,
      825,
      826,
      827,
      828,
      833,
      835,
      837,
      838,
      839,
      840,
      842,
      843,
      844,
      845,
      846,
      847,
      848,
      849,
      850,
      851,
      853,
      862,
      868,
      869,
      870,
      871,
      873,
      876,
      878,
      880,
      882,
      886,
      889,
      891,
      892,
      894,
      895,
      896,
      897,
      898,
      899,
      900,
      901,
      902,
      907,
      909,
      911,
      912,
      913,
      914,
      921,
      925,
      926,
      928,
      929,
      930,
      932,
      934,
      935,
      941,
      948,
      950,
      951,
      952,
      954,
      955,
      956,
      957,
      958,
      959,
      960,
      961,
      962,
      963,
      964,
      965,
      966,
      967,
      968,
      970,
      971,
      972,
      973,
      975,
      976,
      977,
      978,
      979,
      980,
      982,
      983,
      984,
      987,
      989,
      995,
      996,
      997,
      998,
      999,
      1000,
      1001,
      1002,
      1003,
      1005,
      1006,
      1007,
      1008,
      1009,
      1011,
      1012,
      1013,
      1014,
      1015,
      1016,
      1018,
      1019,
      1020,
      1021,
      1022,
      1023,
      1024,
      1025,
      1026,
      1027,
      1028,
      1029,
      1030,
      1031,
      1032,
      1033,
      1034,
      1035,
      1036,
      1037,
      1038,
      1039,
      1040,
      1041,
      1042,
      1043,
      1044,
      1045,
      1046,
      1047,
      1048,
      1049,
      1050,
      1051,
      1053,
      1054,
      1055,
      1056,
      1057,
      1058,
      1059,
      1060,
      1061,
      1062,
      1063,
      1064,
      1065,
      1066,
      1067,
      1069,
      1070,
      1071,
      1072,
      1073,
      1074,
      1075,
      1091,
      1099,
      1100,
      1101,
      1132,
      1145,
      1146,
      1147,
      1148,
      1149,
      1150,
      1151,
      1153,
      1155,
      1156,
      1157,
      1158,
      1159,
      1160,
      1161,
      1162,
      1163,
      1164,
      1165,
      1166,
      1167,
      1168,
      1169,
      1170,
      1171,
      1172,
      1173,
      1175,
      1176,
      1177,
      1178,
      1179,
      1180,
      1181,
      1182,
      1183,
      1184,
      1185,
      1186,
      1187,
      1188,
      1189,
      1190,
      1192,
      1193,
      1194,
      1195,
      1196,
      1197,
      1198,
      1199,
      1200,
      1201,
      1202,
      1203,
      1204,
      1205,
      1206,
      1207,
      1208,
      1209,
      1210,
      1211,
      1213,
      1214,
      1216,
      1217,
      1218,
      1219,
      1222,
      1223,
      1224,
      1225,
      1228,
      1229,
      1230,
      1231,
      1232,
      1233,
      1234,
      1237,
      1238,
      1239,
      1241,
      1242,
      1243,
      1244,
      1245,
      1246,
      1247,
      1248,
      1250,
      1251,
      1253,
      1255,
      1256,
      1257,
      1258,
      1259,
      1261,
      1262,
      1263,
      1265,
      1266,
      1270,
      1272,
      1274,
      1275,
      1276,
      1277,
      1278,
      1279,
      1280,
      1281,
      1282,
      1283,
      1284,
      1285,
      1286,
      1287,
      1288,
      1289,
      1290,
      1291,
      1292,
      1293,
      1294,
      1295,
      1296,
      1297,
      1298,
      1299,
      1301,
      1302,
      1303,
      1304,
      1306,
      1307,
      1308,
      1309,
      1310,
      1311,
      1312,
      1313,
      1314,
      1315,
      1316,
      1317,
      1318,
      1319,
      1321,
      1322,
      1324,
      1325,
      1326,
      1327,
      1328,
      1329,
      1330,
      1332,
      1333,
      1334,
      1335,
      1336,
      1337,
      1338,
      1339,
      1340,
      1341,
      1342,
      1343,
      1344,
      1345,
      1346,
      1347,
      1348,
      1349,
      1350,
      1351,
      1352,
      1353,
      1354,
      1355,
      1356,
      1357,
      1358,
      1359,
      1360,
      1362,
      1363,
      1364,
      1365,
      1366,
      1367,
      1368,
      1369,
      1370,
      1371,
      1372,
      1373,
      1374,
      1375,
      1376,
      1377,
      1378,
      1379,
      1380,
      1381,
      1382,
      1383,
      1384,
      1385,
      1386,
      1387,
      1388,
      1389,
      1390,
      1392,
      1393,
      1394,
      1395,
      1396,
      1397,
      1398,
      1399,
      1400,
      1402,
      1405,
      1406,
      1407,
      1408,
      1409,
      1410,
      1411,
      1412,
      1413,
      1414,
      1415,
      1416,
      1419,
      1420,
      1423,
      1424,
      1425,
      1426,
      1427,
      1428,
      1429,
      1430,
      1431,
      1432,
      1433,
      1434,
      1435,
      1436,
      1437,
      1438,
      1439,
      1440,
      1441,
      1444,
      1445,
      1446,
      1447,
      1448,
      1449,
      1450,
      1451,
      1452,
      1453,
      1454,
      1455,
      1456,
      1457,
      1458,
      1459,
      1460,
      1461,
      1462,
      1463,
      1464,
      1465,
      1466,
      1467,
      1468,
      1469,
      1470,
      1471,
      1472,
      1473,
      1475,
      1476,
      1477,
      1478,
      1479,
      1481,
      1482,
      1483,
      1484,
      1485,
      1486,
      1487,
      1488,
      1489,
      1490,
      1491,
      1492,
      1493,
      1494,
      1495,
      1496,
      1497,
      1498,
      1499,
      1500,
      1501,
      1502,
      1503,
      1504,
      1505,
      1506,
      1507,
      1508,
      1509,
      1510,
      1511,
      1512,
      1513,
      1514,
      1516,
      1518,
      1519,
      1523,
      1524,
      1525,
      1526,
      1528,
      1529,
      1530,
      1531,
      1532,
      1534,
      1535,
      1536,
      1537,
      1538,
      1539,
      1540,
      1541,
      1542,
      1543,
      1544,
      1545,
      1546,
      1547,
      1548,
      1550,
      1551,
      1552,
      1553,
      1554,
      1555,
      1556,
      1557,
      1559,
      1561,
      1562,
      1563,
      1564,
      1566,
      1567,
      1569,
      1570,
      1571,
      1572,
      1574,
      1576,
      1577,
      1578,
      1579,
      1580,
      1581,
      1583,
      1584,
      1585,
      1586,
      1587,
      1589,
      1590,
      1591,
      1592,
      1594,
      1595,
      1597,
      1599,
      1600,
      1601,
      1602,
      1604,
      1605,
      1606,
      1607,
      1608,
      1609,
      1610,
      1611,
      1612,
      1613,
      1614,
      1615,
      1616,
      1617,
      1618,
      1619,
      1620,
      1621,
      1622,
      1623,
      1624,
      1625,
      1626,
      1628,
      1629,
      1630,
      1631,
      1632,
      1633,
      1634,
      1635,
      1636,
      1637,
      1638,
      1639,
      1640,
      1641,
      1642,
      1643,
      1644,
      1645,
      1646,
      1647,
      1648,
      1649,
      1650,
      1651,
      1652,
      1653,
      1654,
      1655,
      1656,
      1657,
      1658,
      1659,
      1660,
      1661,
      1662,
      1663,
      1664,
      1665,
      1666,
      1668,
      1669,
      1670,
      1671,
      1672,
      1673,
      1674,
      1675,
      1676,
      1677,
      1678,
      1679,
      1680,
      1681,
      1682,
      1683,
      1684,
      1685,
      1686,
      1689,
      1690,
      1691,
      1692,
      1693,
      1694,
      1695,
      1696,
      1697,
      1699,
      1700,
      1702,
      1703,
      1704,
      1705
    ],
    "firstMentionSnippet": "第0章：…《斗罗大陆3龙王传说》 楔子 高大的树木茂密得连阳光也无法透入，以至…",
    "createdAt": "2026-09-23T07:32:48.006Z",
    "updatedAt": "2026-09-23T07:32:48.006Z",
    "stableKey": "n:斗罗大陆",
    "reviewSource": "AI",
    "lockedFields": [],
    "version": 1,
    "missingFromLatestRun": false,
    "archivedAt": null,
    "lastSeenExtractionSessionId": null
  },
  {
    "id": "a0bbb1d1-d4b2-4ec2-9b75-71409058bd0d",
    "bookId": "eb35e853-2574-49d6-9436-09538abe2acb",
    "name": "明都",
    "aliases": [
      "联邦首都"
    ],
    "description": "被提及的大城市，陈新杰以之作比，称三大舰队的总能量足够供明都那样的大城市使用20年；联邦首都，史莱克学院被炸后公认的大陆第一大城市；传灵塔选择在此举办比武招亲，理由是场地更合适、利于转移民众对史莱克学院重建的关注，且战神殿也在明都、强者如云；比武招亲举办地所在城市，随着比武招亲临近酒店价格一路飙升，普通小酒店价格都赶上豪华酒店，各方强者和观战民众齐聚期待盛会；比武招亲的举办城市，因活动临近而涌入大批民众，街道繁华拥挤，并有大量士兵每日巡逻维持秩序；日月联邦的重要城市，唐舞麟与古月娜此行所在地，大街小巷都在讨论比武招亲，银龙公主的海报已卖疯；震华要求唐舞麟在天锻成功前不得离开的城市；城中有属于锻造师协会的明都最高大楼，唐舞麟在此跟随震华学习天锻；本章中两名中年男子所处城市的核心地区，可遥望锻造师协会大楼楼顶的七彩光晕；日月联邦的重要城市，比武招亲举办地，聚集了接近四千名报名魂师和大量民众，因联邦政府调集庞大军力排查而治安成为全大陆最好的城市；传灵塔举办此次比武招亲活动所在的城市；目前斗罗大陆第一大城，繁华的联邦都市，高楼林立、车水马龙；机甲师协会的测试场位于市中心靠西，处于寸土寸金之地；联邦首都，本章三招之约发生地；此处强者云集，极限斗罗若在此失控动手会极为危险；比武招亲举办的城市，大量高阶魂师聚集于此，相互询问是否进过万兽台",
    "confidence": 0.76,
    "status": "PENDING",
    "chapterRef": "第118章",
    "importanceScore": 0.306,
    "tier": "candidate",
    "storyScore": 2,
    "productionScore": 0.25,
    "pillarCausal": 1,
    "pillarUniqueness": 0,
    "pillarTransition": 1,
    "mentionCount": 250,
    "firstChapter": 118,
    "lastChapter": 1705,
    "chapterAppearances": [
      118,
      195,
      246,
      311,
      412,
      414,
      441,
      443,
      451,
      452,
      453,
      460,
      461,
      487,
      598,
      757,
      773,
      774,
      847,
      848,
      979,
      980,
      981,
      982,
      984,
      986,
      987,
      988,
      989,
      990,
      991,
      992,
      993,
      996,
      997,
      1003,
      1010,
      1045,
      1208,
      1239,
      1241,
      1242,
      1243,
      1244,
      1250,
      1251,
      1252,
      1274,
      1275,
      1276,
      1277,
      1284,
      1286,
      1287,
      1289,
      1290,
      1293,
      1296,
      1300,
      1301,
      1306,
      1312,
      1313,
      1314,
      1316,
      1318,
      1320,
      1326,
      1327,
      1329,
      1332,
      1333,
      1334,
      1342,
      1347,
      1349,
      1356,
      1393,
      1399,
      1401,
      1404,
      1405,
      1408,
      1415,
      1416,
      1417,
      1418,
      1421,
      1423,
      1461,
      1646,
      1647,
      1649,
      1652,
      1660,
      1673,
      1676,
      1705
    ],
    "firstMentionSnippet": "第773章：…着古月娜已经在路上开了五天了，再有三天，就会到达作为斗罗大陆联邦首都的明都。而他们此次的目的却并非明都，而是要继续一路向西，去那…",
    "createdAt": "2026-09-23T07:32:48.022Z",
    "updatedAt": "2026-09-23T07:32:48.022Z",
    "stableKey": "n:明都",
    "reviewSource": "AI",
    "lockedFields": [],
    "version": 1,
    "missingFromLatestRun": false,
    "archivedAt": null,
    "lastSeenExtractionSessionId": null
  },
  {
    "id": "d67eaf05-d1bf-4c74-8a51-1194a7411226",
    "bookId": "eb35e853-2574-49d6-9436-09538abe2acb",
    "name": "院长室",
    "aliases": [],
    "description": "东海学院院长郁朕的办公室，龙恒旭在这里向他汇报升班赛失控、武魂融合技和唐舞麟右手变异等情况",
    "confidence": 0.398,
    "status": "PENDING",
    "chapterRef": "第106章",
    "importanceScore": 0.306,
    "tier": "candidate",
    "storyScore": 2,
    "productionScore": 0.25,
    "pillarCausal": 1,
    "pillarUniqueness": 0,
    "pillarTransition": 1,
    "mentionCount": 2,
    "firstChapter": 106,
    "lastChapter": 1393,
    "chapterAppearances": [
      106,
      1393
    ],
    "firstMentionSnippet": "第106章：…入定状态非常快，很快就达到了冥想的物我两忘状态。 …… 院长室。 “到底怎么回事？”郁朕脸色沉凝的看着站在自己办公桌前的龙…",
    "createdAt": "2026-09-23T07:32:48.028Z",
    "updatedAt": "2026-09-23T07:32:48.028Z",
    "stableKey": "n:院长室",
    "reviewSource": "AI",
    "lockedFields": [],
    "version": 1,
    "missingFromLatestRun": false,
    "archivedAt": null,
    "lastSeenExtractionSessionId": null
  },
  {
    "id": "e316333f-e533-4ec2-a6c6-8351ee79f3eb",
    "bookId": "eb35e853-2574-49d6-9436-09538abe2acb",
    "name": "天斗帝国",
    "aliases": [
      "天斗"
    ],
    "description": "斗罗世界三大国之一，唐舞麟出使过的国家，拥有唐舞麟一方提供的武器，但一旦星罗帝国被攻陷也挡不住联邦舰队的攻击；与星罗并提的国家；史莱克七怪经历天斗、星罗两国之行后开始真正成长；其舰队在联邦与星罗对峙时出现，发射子母追魂击伤联邦母舰；与星罗并列的两国之一，军方正在讨论下一次何时再对其发动战争，目前暂时还没有出兵计划",
    "confidence": 0.727,
    "status": "PENDING",
    "chapterRef": "第2章",
    "importanceScore": 0.306,
    "tier": "candidate",
    "storyScore": 2,
    "productionScore": 0.25,
    "pillarCausal": 2,
    "pillarUniqueness": 0,
    "pillarTransition": 0,
    "mentionCount": 1041,
    "firstChapter": 2,
    "lastChapter": 1705,
    "chapterAppearances": [
      2,
      16,
      150,
      159,
      161,
      162,
      163,
      164,
      165,
      166,
      168,
      169,
      171,
      173,
      181,
      182,
      185,
      191,
      194,
      195,
      217,
      232,
      246,
      247,
      252,
      312,
      414,
      415,
      416,
      417,
      419,
      420,
      421,
      422,
      425,
      429,
      430,
      431,
      433,
      434,
      435,
      436,
      438,
      439,
      483,
      485,
      517,
      597,
      598,
      599,
      602,
      605,
      614,
      618,
      622,
      623,
      624,
      625,
      628,
      630,
      632,
      651,
      692,
      694,
      696,
      704,
      705,
      706,
      709,
      710,
      711,
      712,
      714,
      717,
      718,
      726,
      727,
      728,
      729,
      730,
      733,
      742,
      746,
      750,
      751,
      752,
      753,
      755,
      756,
      761,
      763,
      769,
      774,
      806,
      823,
      824,
      843,
      848,
      880,
      897,
      898,
      925,
      928,
      980,
      983,
      984,
      989,
      995,
      997,
      1002,
      1005,
      1010,
      1023,
      1024,
      1025,
      1026,
      1027,
      1028,
      1029,
      1032,
      1033,
      1034,
      1036,
      1040,
      1041,
      1042,
      1043,
      1044,
      1045,
      1049,
      1050,
      1051,
      1053,
      1054,
      1055,
      1056,
      1057,
      1058,
      1059,
      1060,
      1061,
      1062,
      1064,
      1065,
      1066,
      1067,
      1068,
      1071,
      1072,
      1073,
      1074,
      1075,
      1147,
      1150,
      1157,
      1160,
      1165,
      1166,
      1167,
      1168,
      1171,
      1172,
      1176,
      1181,
      1182,
      1184,
      1185,
      1186,
      1194,
      1195,
      1196,
      1205,
      1206,
      1207,
      1211,
      1212,
      1217,
      1218,
      1220,
      1222,
      1223,
      1224,
      1225,
      1228,
      1241,
      1243,
      1262,
      1274,
      1277,
      1280,
      1285,
      1289,
      1298,
      1299,
      1300,
      1302,
      1312,
      1319,
      1321,
      1322,
      1336,
      1337,
      1338,
      1341,
      1350,
      1363,
      1367,
      1381,
      1384,
      1385,
      1386,
      1387,
      1392,
      1394,
      1395,
      1396,
      1397,
      1398,
      1399,
      1401,
      1402,
      1406,
      1408,
      1410,
      1412,
      1414,
      1424,
      1425,
      1434,
      1438,
      1439,
      1445,
      1446,
      1452,
      1453,
      1454,
      1456,
      1459,
      1460,
      1462,
      1465,
      1467,
      1468,
      1470,
      1481,
      1482,
      1483,
      1484,
      1486,
      1487,
      1488,
      1489,
      1491,
      1492,
      1501,
      1505,
      1507,
      1510,
      1514,
      1516,
      1518,
      1519,
      1524,
      1528,
      1530,
      1532,
      1561,
      1564,
      1566,
      1572,
      1574,
      1578,
      1591,
      1592,
      1599,
      1610,
      1613,
      1614,
      1615,
      1617,
      1618,
      1619,
      1620,
      1621,
      1622,
      1623,
      1625,
      1630,
      1631,
      1632,
      1635,
      1636,
      1638,
      1644,
      1647,
      1649,
      1653,
      1654,
      1657,
      1658,
      1659,
      1660,
      1661,
      1662,
      1675,
      1676,
      1682,
      1685,
      1689,
      1690,
      1691,
      1692,
      1695,
      1697,
      1699,
      1700,
      1705
    ],
    "firstMentionSnippet": "第16章：…发现的另外两片大陆也是如此。 万年前，被当时日月帝国击溃的天斗帝国残余，带着残兵败将出海远去，历经艰险，发现了一片辽阔的大陆，…",
    "createdAt": "2026-09-23T07:32:48.012Z",
    "updatedAt": "2026-09-23T07:32:48.012Z",
    "stableKey": "n:天斗帝国",
    "reviewSource": "AI",
    "lockedFields": [],
    "version": 1,
    "missingFromLatestRun": false,
    "archivedAt": null,
    "lastSeenExtractionSessionId": null
  },
  {
    "id": "f97b93e6-cf92-42e1-a063-0d438cd6711b",
    "bookId": "eb35e853-2574-49d6-9436-09538abe2acb",
    "name": "五班宿舍",
    "aliases": [
      "宿舍"
    ],
    "description": "东海学院五班分配的学生宿舍，位于二楼，内有上下铺；唐舞麟、周长溪、云小与冷傲少年同宿于此，本章的冲突发生地，窗户曾被周长溪撞破飞出",
    "confidence": 0.636,
    "status": "PENDING",
    "chapterRef": "第34章",
    "importanceScore": 0.306,
    "tier": "candidate",
    "storyScore": 2,
    "productionScore": 0.25,
    "pillarCausal": 2,
    "pillarUniqueness": 0,
    "pillarTransition": 0,
    "mentionCount": 249,
    "firstChapter": 34,
    "lastChapter": 1661,
    "chapterAppearances": [
      34,
      36,
      37,
      47,
      49,
      57,
      60,
      61,
      66,
      69,
      75,
      79,
      81,
      83,
      86,
      87,
      89,
      93,
      95,
      106,
      108,
      110,
      116,
      118,
      119,
      121,
      131,
      132,
      135,
      137,
      149,
      153,
      154,
      155,
      156,
      160,
      161,
      181,
      182,
      183,
      190,
      192,
      193,
      194,
      245,
      289,
      290,
      291,
      294,
      304,
      305,
      306,
      322,
      323,
      326,
      327,
      328,
      329,
      330,
      335,
      336,
      340,
      346,
      347,
      350,
      351,
      352,
      353,
      354,
      355,
      356,
      357,
      358,
      359,
      377,
      382,
      395,
      396,
      410,
      411,
      412,
      461,
      578,
      593,
      617,
      622,
      623,
      699,
      719,
      795,
      798,
      805,
      806,
      828,
      869,
      872,
      879,
      880,
      902,
      925,
      926,
      927,
      935,
      942,
      1661
    ],
    "firstMentionSnippet": null,
    "createdAt": "2026-09-23T07:32:48.025Z",
    "updatedAt": "2026-09-23T07:32:48.025Z",
    "stableKey": "n:五班宿舍",
    "reviewSource": "AI",
    "lockedFields": [],
    "version": 1,
    "missingFromLatestRun": false,
    "archivedAt": null,
    "lastSeenExtractionSessionId": null
  },
  {
    "id": "a259aa0c-f2ce-46a8-b1e5-a60591432749",
    "bookId": "eb35e853-2574-49d6-9436-09538abe2acb",
    "name": "舞长空的宿舍",
    "aliases": [],
    "description": "舞长空的住所，唐舞麟和王金玺在无法自行解释血脉现象后决定前往此处求教",
    "confidence": 0.261,
    "status": "PENDING",
    "chapterRef": "第119章",
    "importanceScore": 0.269,
    "tier": "candidate",
    "storyScore": 1,
    "productionScore": 0.5,
    "pillarCausal": 1,
    "pillarUniqueness": 0,
    "pillarTransition": 0,
    "mentionCount": 1,
    "firstChapter": 119,
    "lastChapter": 119,
    "chapterAppearances": [
      119
    ],
    "firstMentionSnippet": "第119章：…不弄清楚这件事，他恐怕连睡觉都睡不着。 两人迅速起身，直奔舞长空的宿舍走去。 舞长空穿着一件宽松的白色长袍，长发自然披散在身后，…",
    "createdAt": "2026-09-23T07:32:48.040Z",
    "updatedAt": "2026-09-23T07:32:48.040Z",
    "stableKey": "n:舞长空的宿舍",
    "reviewSource": "AI",
    "lockedFields": [],
    "version": 1,
    "missingFromLatestRun": false,
    "archivedAt": null,
    "lastSeenExtractionSessionId": null
  },
  {
    "id": "aa9dbb90-0573-4c13-831d-94b9aa941ca0",
    "bookId": "eb35e853-2574-49d6-9436-09538abe2acb",
    "name": "任务接取大厅",
    "aliases": [],
    "description": "锻造师协会二层的任务接取区域，整层为一圈柜台，柜台标有对应锻造师徽章的任务等级，正面接取、左侧交付、右侧购买金属，任务由魂导屏幕自动化完成",
    "confidence": 0.351,
    "status": "PENDING",
    "chapterRef": "第59章",
    "importanceScore": 0.269,
    "tier": "candidate",
    "storyScore": 1,
    "productionScore": 0.5,
    "pillarCausal": 1,
    "pillarUniqueness": 0,
    "pillarTransition": 0,
    "mentionCount": 1,
    "firstChapter": 59,
    "lastChapter": 59,
    "chapterAppearances": [
      59
    ],
    "firstMentionSnippet": "第59章：…是时间对他进行观察，多做观察之后，再决定如何培养也不迟。 任务接取大厅在锻造师协会二层。整个二层都是一圈柜台。每个柜台上都有着和锻…",
    "createdAt": "2026-09-23T07:32:48.030Z",
    "updatedAt": "2026-09-23T07:32:48.030Z",
    "stableKey": "n:任务接取大厅",
    "reviewSource": "AI",
    "lockedFields": [],
    "version": 1,
    "missingFromLatestRun": false,
    "archivedAt": null,
    "lastSeenExtractionSessionId": null
  },
  {
    "id": "e8bd385e-d46e-4504-a270-f9a99bf7618a",
    "bookId": "eb35e853-2574-49d6-9436-09538abe2acb",
    "name": "王金玺的宿舍",
    "aliases": [],
    "description": "王金玺作为有特殊单独宿舍的学员所住的单人宿舍，他与唐舞麟在此探讨血脉压制武魂之事",
    "confidence": 0.261,
    "status": "PENDING",
    "chapterRef": "第119章",
    "importanceScore": 0.269,
    "tier": "candidate",
    "storyScore": 1,
    "productionScore": 0.5,
    "pillarCausal": 1,
    "pillarUniqueness": 0,
    "pillarTransition": 0,
    "mentionCount": 1,
    "firstChapter": 119,
    "lastChapter": 119,
    "chapterAppearances": [
      119
    ],
    "firstMentionSnippet": null,
    "createdAt": "2026-09-23T07:32:48.035Z",
    "updatedAt": "2026-09-23T07:32:48.035Z",
    "stableKey": "n:王金玺的宿舍",
    "reviewSource": "AI",
    "lockedFields": [],
    "version": 1,
    "missingFromLatestRun": false,
    "archivedAt": null,
    "lastSeenExtractionSessionId": null
  },
  {
    "id": "5098b745-3afa-4cb9-b803-71c36dc341a2",
    "bookId": "eb35e853-2574-49d6-9436-09538abe2acb",
    "name": "比武招亲比赛台",
    "aliases": [],
    "description": "比武招亲淘汰赛的比赛场地，唐舞麟与傲无常在此交手，各大媒体转播重要比赛，主席台上有古月娜、千古丈亭观战",
    "confidence": 0.711,
    "status": "PENDING",
    "chapterRef": "第72章",
    "importanceScore": 0.2685,
    "tier": "candidate",
    "storyScore": 2,
    "productionScore": 0.125,
    "pillarCausal": 2,
    "pillarUniqueness": 0,
    "pillarTransition": 0,
    "mentionCount": 459,
    "firstChapter": 72,
    "lastChapter": 1696,
    "chapterAppearances": [
      72,
      73,
      74,
      80,
      81,
      91,
      99,
      100,
      102,
      104,
      105,
      114,
      199,
      200,
      205,
      206,
      208,
      211,
      213,
      218,
      220,
      221,
      222,
      223,
      225,
      226,
      227,
      228,
      230,
      342,
      343,
      382,
      384,
      391,
      392,
      393,
      394,
      398,
      401,
      405,
      408,
      409,
      479,
      489,
      490,
      493,
      494,
      495,
      501,
      502,
      504,
      505,
      507,
      508,
      509,
      511,
      512,
      514,
      515,
      520,
      521,
      522,
      523,
      524,
      525,
      526,
      527,
      528,
      529,
      530,
      531,
      535,
      537,
      539,
      541,
      543,
      544,
      547,
      548,
      549,
      550,
      552,
      553,
      555,
      556,
      557,
      559,
      560,
      561,
      562,
      563,
      564,
      565,
      567,
      570,
      571,
      573,
      574,
      576,
      577,
      829,
      831,
      835,
      836,
      840,
      841,
      903,
      905,
      909,
      910,
      914,
      915,
      919,
      920,
      921,
      924,
      925,
      927,
      928,
      929,
      930,
      931,
      933,
      937,
      939,
      1147,
      1150,
      1153,
      1154,
      1160,
      1162,
      1163,
      1168,
      1169,
      1172,
      1173,
      1178,
      1180,
      1181,
      1182,
      1277,
      1278,
      1279,
      1280,
      1282,
      1284,
      1286,
      1301,
      1302,
      1303,
      1304,
      1307,
      1308,
      1309,
      1310,
      1312,
      1314,
      1315,
      1320,
      1321,
      1324,
      1326,
      1327,
      1329,
      1332,
      1333,
      1334,
      1696
    ],
    "firstMentionSnippet": "第72章：…今天风和日丽，碧空万里无云。中级部操场正中，已经摆好了一座比赛台，说是比赛台，其实就是用厚达十厘米的金属板铺成的一块直径百米…",
    "createdAt": "2026-09-23T07:32:48.080Z",
    "updatedAt": "2026-09-23T07:32:48.080Z",
    "stableKey": "n:比武招亲比赛台",
    "reviewSource": "AI",
    "lockedFields": [],
    "version": 1,
    "missingFromLatestRun": false,
    "archivedAt": null,
    "lastSeenExtractionSessionId": null
  },
  {
    "id": "590f7b20-f5c0-4dcd-bfad-2e54f97753e2",
    "bookId": "eb35e853-2574-49d6-9436-09538abe2acb",
    "name": "深渊位面",
    "aliases": [],
    "description": "与斗罗星对立的位面，拥有深渊生物；唐舞麟的黄金龙枪吞噬作用对深渊生物同样有效",
    "confidence": 0.577,
    "status": "PENDING",
    "chapterRef": "第796章",
    "importanceScore": 0.2685,
    "tier": "candidate",
    "storyScore": 2,
    "productionScore": 0.125,
    "pillarCausal": 2,
    "pillarUniqueness": 0,
    "pillarTransition": 0,
    "mentionCount": 560,
    "firstChapter": 796,
    "lastChapter": 1705,
    "chapterAppearances": [
      796,
      797,
      806,
      814,
      823,
      824,
      825,
      835,
      870,
      871,
      880,
      888,
      897,
      898,
      899,
      909,
      925,
      929,
      941,
      942,
      944,
      945,
      946,
      947,
      948,
      949,
      950,
      951,
      952,
      953,
      954,
      955,
      956,
      957,
      960,
      961,
      962,
      963,
      964,
      965,
      966,
      968,
      970,
      971,
      972,
      973,
      975,
      980,
      1006,
      1011,
      1013,
      1018,
      1024,
      1031,
      1033,
      1045,
      1054,
      1055,
      1070,
      1165,
      1166,
      1187,
      1202,
      1284,
      1298,
      1314,
      1322,
      1335,
      1339,
      1344,
      1346,
      1351,
      1490,
      1491,
      1492,
      1495,
      1497,
      1500,
      1502,
      1504,
      1505,
      1506,
      1507,
      1509,
      1510,
      1512,
      1513,
      1515,
      1516,
      1519,
      1523,
      1525,
      1526,
      1529,
      1530,
      1531,
      1532,
      1533,
      1534,
      1536,
      1538,
      1540,
      1542,
      1545,
      1546,
      1547,
      1549,
      1550,
      1552,
      1562,
      1569,
      1570,
      1571,
      1572,
      1574,
      1578,
      1579,
      1581,
      1584,
      1586,
      1589,
      1595,
      1598,
      1604,
      1607,
      1610,
      1611,
      1613,
      1614,
      1616,
      1617,
      1619,
      1620,
      1621,
      1622,
      1623,
      1625,
      1626,
      1627,
      1628,
      1630,
      1631,
      1632,
      1633,
      1634,
      1635,
      1638,
      1640,
      1641,
      1643,
      1646,
      1649,
      1652,
      1653,
      1654,
      1655,
      1656,
      1658,
      1659,
      1661,
      1663,
      1665,
      1674,
      1675,
      1677,
      1678,
      1679,
      1680,
      1681,
      1690,
      1692,
      1694,
      1704,
      1705
    ],
    "firstMentionSnippet": "第796章：…于侦察，我们会进人最接近深渊通道入口的 地方，甚至不排除会到深渊位面去侦察，以获取更多有关深渊生物的信息。如果 发现新的物种，并…",
    "createdAt": "2026-09-23T07:32:48.074Z",
    "updatedAt": "2026-09-23T07:32:48.074Z",
    "stableKey": "n:深渊位面",
    "reviewSource": "AI",
    "lockedFields": [],
    "version": 1,
    "missingFromLatestRun": false,
    "archivedAt": null,
    "lastSeenExtractionSessionId": null
  },
  {
    "id": "c9c69570-00fe-48cb-8a06-ca4afc565859",
    "bookId": "eb35e853-2574-49d6-9436-09538abe2acb",
    "name": "高级升灵台",
    "aliases": [],
    "description": "传灵塔下属的机构，傲无常是那边的负责人之一",
    "confidence": 0.588,
    "status": "PENDING",
    "chapterRef": "第121章",
    "importanceScore": 0.2685,
    "tier": "candidate",
    "storyScore": 2,
    "productionScore": 0.125,
    "pillarCausal": 2,
    "pillarUniqueness": 0,
    "pillarTransition": 0,
    "mentionCount": 524,
    "firstChapter": 121,
    "lastChapter": 1698,
    "chapterAppearances": [
      121,
      122,
      123,
      124,
      125,
      126,
      127,
      128,
      129,
      130,
      131,
      132,
      133,
      134,
      135,
      136,
      137,
      138,
      139,
      140,
      141,
      142,
      143,
      144,
      145,
      146,
      147,
      148,
      149,
      150,
      151,
      152,
      155,
      156,
      159,
      160,
      168,
      169,
      170,
      172,
      173,
      174,
      175,
      176,
      177,
      179,
      180,
      182,
      183,
      184,
      187,
      191,
      194,
      201,
      205,
      206,
      220,
      231,
      233,
      234,
      235,
      236,
      237,
      238,
      239,
      241,
      242,
      243,
      244,
      257,
      259,
      275,
      277,
      279,
      297,
      306,
      308,
      328,
      337,
      360,
      362,
      365,
      373,
      488,
      502,
      622,
      627,
      643,
      737,
      738,
      741,
      742,
      780,
      781,
      784,
      785,
      827,
      828,
      829,
      854,
      855,
      858,
      859,
      901,
      902,
      903,
      925,
      959,
      980,
      1062,
      1071,
      1150,
      1219,
      1260,
      1261,
      1263,
      1277,
      1280,
      1286,
      1289,
      1300,
      1353,
      1354,
      1356,
      1363,
      1366,
      1557,
      1698
    ],
    "firstMentionSnippet": "第121章：…大陆至少超过一百万总量的魂师，这对比可想而知了。中级升灵台和高级升灵台的名额更少。因为要消耗的资源更大，需要的金钱也是几何倍数的提…",
    "createdAt": "2026-09-23T07:32:48.077Z",
    "updatedAt": "2026-09-23T07:32:48.077Z",
    "stableKey": "n:高级升灵台",
    "reviewSource": "AI",
    "lockedFields": [],
    "version": 1,
    "missingFromLatestRun": false,
    "archivedAt": null,
    "lastSeenExtractionSessionId": null
  },
  {
    "id": "d5e52674-6520-441c-9332-08de51344c3f",
    "bookId": "eb35e853-2574-49d6-9436-09538abe2acb",
    "name": "传灵塔",
    "aliases": [],
    "description": "被提及的精神力测试场所，唐舞麟在传灵塔测试时得到过三十八的精神力数值",
    "confidence": 0.681,
    "status": "PENDING",
    "chapterRef": "第0章",
    "importanceScore": 0.2685,
    "tier": "candidate",
    "storyScore": 2,
    "productionScore": 0.125,
    "pillarCausal": 2,
    "pillarUniqueness": 0,
    "pillarTransition": 0,
    "mentionCount": 2087,
    "firstChapter": 0,
    "lastChapter": 1705,
    "chapterAppearances": [
      0,
      1,
      2,
      5,
      8,
      15,
      16,
      17,
      19,
      21,
      27,
      56,
      85,
      121,
      122,
      123,
      124,
      125,
      126,
      130,
      132,
      135,
      137,
      138,
      142,
      143,
      144,
      149,
      150,
      159,
      160,
      164,
      167,
      168,
      169,
      171,
      173,
      174,
      180,
      233,
      236,
      239,
      242,
      246,
      252,
      256,
      261,
      262,
      288,
      306,
      312,
      353,
      354,
      355,
      356,
      358,
      359,
      360,
      365,
      373,
      374,
      376,
      382,
      394,
      410,
      411,
      412,
      428,
      429,
      430,
      431,
      432,
      433,
      434,
      435,
      436,
      437,
      438,
      439,
      441,
      442,
      443,
      444,
      454,
      475,
      484,
      488,
      489,
      491,
      502,
      514,
      517,
      593,
      599,
      600,
      605,
      614,
      622,
      624,
      626,
      627,
      628,
      635,
      637,
      648,
      649,
      689,
      692,
      694,
      710,
      712,
      713,
      714,
      716,
      717,
      733,
      734,
      737,
      738,
      742,
      746,
      747,
      748,
      749,
      750,
      751,
      779,
      780,
      784,
      796,
      797,
      826,
      827,
      828,
      839,
      853,
      854,
      858,
      870,
      871,
      900,
      901,
      902,
      913,
      924,
      925,
      926,
      929,
      941,
      965,
      980,
      981,
      982,
      983,
      985,
      995,
      998,
      1010,
      1011,
      1025,
      1026,
      1027,
      1028,
      1032,
      1033,
      1040,
      1041,
      1042,
      1043,
      1045,
      1051,
      1054,
      1056,
      1057,
      1058,
      1059,
      1060,
      1061,
      1062,
      1064,
      1065,
      1066,
      1067,
      1068,
      1069,
      1071,
      1072,
      1073,
      1074,
      1075,
      1105,
      1147,
      1148,
      1149,
      1150,
      1153,
      1154,
      1156,
      1157,
      1158,
      1167,
      1171,
      1172,
      1176,
      1178,
      1179,
      1180,
      1181,
      1185,
      1187,
      1190,
      1192,
      1193,
      1194,
      1217,
      1218,
      1219,
      1220,
      1221,
      1222,
      1223,
      1224,
      1225,
      1226,
      1227,
      1228,
      1229,
      1230,
      1231,
      1232,
      1234,
      1235,
      1236,
      1237,
      1238,
      1239,
      1240,
      1241,
      1242,
      1243,
      1244,
      1251,
      1252,
      1253,
      1256,
      1257,
      1260,
      1261,
      1262,
      1266,
      1267,
      1268,
      1271,
      1273,
      1274,
      1275,
      1277,
      1280,
      1281,
      1282,
      1283,
      1284,
      1285,
      1286,
      1287,
      1288,
      1289,
      1290,
      1300,
      1301,
      1303,
      1306,
      1309,
      1310,
      1311,
      1312,
      1313,
      1314,
      1317,
      1318,
      1319,
      1321,
      1324,
      1325,
      1326,
      1327,
      1329,
      1330,
      1331,
      1332,
      1333,
      1334,
      1335,
      1336,
      1341,
      1342,
      1345,
      1350,
      1351,
      1352,
      1353,
      1354,
      1355,
      1356,
      1357,
      1358,
      1361,
      1362,
      1363,
      1366,
      1367,
      1368,
      1370,
      1371,
      1374,
      1375,
      1376,
      1378,
      1379,
      1380,
      1381,
      1383,
      1384,
      1385,
      1386,
      1387,
      1388,
      1389,
      1392,
      1393,
      1394,
      1395,
      1396,
      1397,
      1398,
      1405,
      1406,
      1410,
      1416,
      1418,
      1442,
      1446,
      1453,
      1454,
      1467,
      1468,
      1469,
      1470,
      1471,
      1473,
      1482,
      1483,
      1484,
      1485,
      1486,
      1487,
      1488,
      1489,
      1490,
      1491,
      1492,
      1500,
      1505,
      1506,
      1507,
      1508,
      1509,
      1510,
      1511,
      1513,
      1519,
      1520,
      1523,
      1526,
      1528,
      1530,
      1532,
      1533,
      1534,
      1535,
      1536,
      1543,
      1544,
      1545,
      1546,
      1547,
      1548,
      1549,
      1550,
      1554,
      1555,
      1558,
      1562,
      1564,
      1569,
      1570,
      1572,
      1575,
      1576,
      1577,
      1578,
      1579,
      1581,
      1583,
      1587,
      1590,
      1591,
      1592,
      1593,
      1598,
      1599,
      1600,
      1602,
      1609,
      1610,
      1611,
      1612,
      1613,
      1616,
      1617,
      1621,
      1622,
      1625,
      1628,
      1629,
      1631,
      1636,
      1646,
      1647,
      1648,
      1649,
      1653,
      1657,
      1660,
      1661,
      1662,
      1664,
      1665,
      1670,
      1671,
      1672,
      1673,
      1674,
      1675,
      1676,
      1679,
      1680,
      1681,
      1683,
      1694,
      1696,
      1704,
      1705
    ],
    "firstMentionSnippet": "第0章：…绿裙女子沉默了一下，才低声道：“一万年了，从当初那霍雨浩创建传灵塔组织到现在，已经过去了整整一万年。传灵塔组织还在，可我们，却…",
    "createdAt": "2026-09-23T07:32:48.049Z",
    "updatedAt": "2026-09-23T07:32:48.049Z",
    "stableKey": "n:传灵塔",
    "reviewSource": "AI",
    "lockedFields": [],
    "version": 1,
    "missingFromLatestRun": false,
    "archivedAt": null,
    "lastSeenExtractionSessionId": null
  },
  {
    "id": "d6e8db25-8816-4425-b710-2ee2a59777aa",
    "bookId": "eb35e853-2574-49d6-9436-09538abe2acb",
    "name": "日月联邦",
    "aliases": [
      "联邦"
    ],
    "description": "与星罗帝国敌对的势力，拥有舰队威胁星罗帝国，戴天灵认为若星罗帝国掌握唐门之力便不再惧怕它",
    "confidence": 0.743,
    "status": "PENDING",
    "chapterRef": "第1章",
    "importanceScore": 0.2685,
    "tier": "candidate",
    "storyScore": 2,
    "productionScore": 0.125,
    "pillarCausal": 2,
    "pillarUniqueness": 0,
    "pillarTransition": 0,
    "mentionCount": 1844,
    "firstChapter": 1,
    "lastChapter": 1705,
    "chapterAppearances": [
      1,
      4,
      5,
      14,
      15,
      16,
      17,
      21,
      25,
      30,
      32,
      33,
      37,
      38,
      39,
      42,
      44,
      45,
      49,
      50,
      58,
      59,
      60,
      71,
      74,
      83,
      88,
      89,
      90,
      91,
      93,
      94,
      98,
      109,
      116,
      117,
      121,
      122,
      123,
      150,
      163,
      164,
      167,
      168,
      169,
      170,
      171,
      172,
      173,
      181,
      189,
      191,
      194,
      195,
      196,
      198,
      226,
      246,
      248,
      250,
      252,
      253,
      280,
      288,
      293,
      295,
      297,
      324,
      355,
      357,
      359,
      373,
      374,
      399,
      402,
      413,
      414,
      416,
      417,
      418,
      420,
      429,
      434,
      439,
      442,
      443,
      450,
      480,
      484,
      485,
      488,
      539,
      544,
      547,
      567,
      575,
      593,
      597,
      598,
      632,
      635,
      636,
      638,
      643,
      644,
      647,
      648,
      649,
      651,
      652,
      653,
      655,
      658,
      659,
      660,
      662,
      665,
      668,
      678,
      681,
      693,
      703,
      704,
      705,
      709,
      710,
      711,
      712,
      713,
      714,
      716,
      726,
      728,
      729,
      730,
      731,
      733,
      734,
      742,
      747,
      749,
      750,
      751,
      752,
      755,
      757,
      758,
      773,
      779,
      790,
      794,
      795,
      796,
      797,
      798,
      806,
      812,
      818,
      823,
      824,
      826,
      827,
      828,
      829,
      830,
      831,
      832,
      833,
      835,
      839,
      847,
      853,
      864,
      868,
      869,
      870,
      871,
      872,
      880,
      886,
      892,
      897,
      898,
      900,
      901,
      902,
      903,
      904,
      905,
      906,
      907,
      909,
      913,
      918,
      919,
      924,
      925,
      926,
      927,
      928,
      929,
      934,
      935,
      936,
      939,
      941,
      951,
      954,
      967,
      968,
      971,
      975,
      978,
      980,
      981,
      982,
      983,
      984,
      985,
      990,
      991,
      992,
      993,
      994,
      995,
      996,
      997,
      998,
      1003,
      1005,
      1006,
      1008,
      1010,
      1012,
      1018,
      1024,
      1025,
      1026,
      1027,
      1028,
      1033,
      1035,
      1036,
      1040,
      1043,
      1045,
      1050,
      1051,
      1052,
      1053,
      1054,
      1055,
      1056,
      1057,
      1060,
      1061,
      1062,
      1064,
      1075,
      1117,
      1145,
      1146,
      1147,
      1154,
      1157,
      1158,
      1160,
      1171,
      1172,
      1173,
      1176,
      1177,
      1178,
      1182,
      1184,
      1195,
      1196,
      1197,
      1199,
      1200,
      1202,
      1203,
      1204,
      1205,
      1206,
      1207,
      1208,
      1209,
      1210,
      1211,
      1212,
      1213,
      1216,
      1217,
      1218,
      1219,
      1220,
      1222,
      1223,
      1224,
      1225,
      1226,
      1227,
      1228,
      1229,
      1235,
      1239,
      1241,
      1242,
      1243,
      1244,
      1251,
      1252,
      1260,
      1262,
      1271,
      1273,
      1274,
      1275,
      1277,
      1283,
      1285,
      1287,
      1289,
      1293,
      1307,
      1318,
      1319,
      1320,
      1329,
      1331,
      1332,
      1333,
      1334,
      1335,
      1336,
      1344,
      1350,
      1356,
      1358,
      1360,
      1362,
      1363,
      1380,
      1390,
      1395,
      1396,
      1397,
      1398,
      1399,
      1400,
      1404,
      1405,
      1406,
      1407,
      1408,
      1409,
      1416,
      1417,
      1418,
      1420,
      1421,
      1423,
      1424,
      1428,
      1435,
      1439,
      1440,
      1441,
      1469,
      1470,
      1471,
      1473,
      1482,
      1484,
      1485,
      1486,
      1487,
      1489,
      1492,
      1493,
      1494,
      1496,
      1498,
      1500,
      1501,
      1503,
      1504,
      1505,
      1506,
      1507,
      1508,
      1509,
      1511,
      1513,
      1514,
      1515,
      1516,
      1517,
      1518,
      1519,
      1520,
      1524,
      1525,
      1526,
      1528,
      1536,
      1538,
      1539,
      1540,
      1542,
      1544,
      1545,
      1546,
      1547,
      1548,
      1549,
      1553,
      1555,
      1566,
      1568,
      1569,
      1570,
      1571,
      1572,
      1573,
      1574,
      1575,
      1576,
      1577,
      1578,
      1581,
      1583,
      1585,
      1598,
      1603,
      1604,
      1609,
      1610,
      1611,
      1613,
      1617,
      1620,
      1622,
      1641,
      1643,
      1645,
      1646,
      1647,
      1648,
      1649,
      1650,
      1651,
      1653,
      1654,
      1657,
      1658,
      1660,
      1661,
      1662,
      1664,
      1679,
      1681,
      1682,
      1685,
      1694,
      1705
    ],
    "firstMentionSnippet": "第1章：…－－－－－－－－－－－－－－－－－－－－－－－－ 傲来城是日月联邦东海岸的一座滨海小城，毗邻大海。 今天城里分外热闹，一年一…",
    "createdAt": "2026-09-23T07:32:48.067Z",
    "updatedAt": "2026-09-23T07:32:48.067Z",
    "stableKey": "n:日月联邦",
    "reviewSource": "AI",
    "lockedFields": [],
    "version": 1,
    "missingFromLatestRun": false,
    "archivedAt": null,
    "lastSeenExtractionSessionId": null
  },
  {
    "id": "bf4d4e52-5bad-43d6-82f5-74af9712cdd6",
    "bookId": "eb35e853-2574-49d6-9436-09538abe2acb",
    "name": "东海公园",
    "aliases": [],
    "description": "谢邂提议与唐舞麟比试的地点，理由是人少",
    "confidence": 0.535,
    "status": "PENDING",
    "chapterRef": "第46章",
    "importanceScore": 0.2315,
    "tier": "candidate",
    "storyScore": 1,
    "productionScore": 0.375,
    "pillarCausal": 1,
    "pillarUniqueness": 0,
    "pillarTransition": 0,
    "mentionCount": 7,
    "firstChapter": 46,
    "lastChapter": 48,
    "chapterAppearances": [
      46,
      47,
      48
    ],
    "firstMentionSnippet": "第46章：…出教学楼，唐舞麟向谢邂问道：“去哪里？” 谢邂道：“我们去东海公园，那边人少。你放心，我把你打伤了会找人给你治疗。” 唐舞麟…",
    "createdAt": "2026-09-23T07:32:48.086Z",
    "updatedAt": "2026-09-23T07:32:48.086Z",
    "stableKey": "n:东海公园",
    "reviewSource": "AI",
    "lockedFields": [],
    "version": 1,
    "missingFromLatestRun": false,
    "archivedAt": null,
    "lastSeenExtractionSessionId": null
  },
  {
    "id": "c79b9a70-974f-45f0-8546-575af9f14a74",
    "bookId": "eb35e853-2574-49d6-9436-09538abe2acb",
    "name": "教学楼",
    "aliases": [],
    "description": "唐舞麟与谢邂下课后走出的教学建筑，楼道里曾有高年级学员簇拥喧闹",
    "confidence": 0.568,
    "status": "PENDING",
    "chapterRef": "第1章",
    "importanceScore": 0.2315,
    "tier": "candidate",
    "storyScore": 1,
    "productionScore": 0.375,
    "pillarCausal": 1,
    "pillarUniqueness": 0,
    "pillarTransition": 0,
    "mentionCount": 77,
    "firstChapter": 1,
    "lastChapter": 1665,
    "chapterAppearances": [
      1,
      12,
      34,
      38,
      46,
      55,
      65,
      72,
      109,
      256,
      261,
      265,
      275,
      286,
      289,
      290,
      296,
      302,
      304,
      308,
      326,
      342,
      395,
      444,
      593,
      623,
      1010,
      1223,
      1225,
      1227,
      1228,
      1239,
      1241,
      1341,
      1345,
      1350,
      1351,
      1352,
      1353,
      1358,
      1361,
      1362,
      1389,
      1395,
      1484,
      1521,
      1620,
      1661,
      1665
    ],
    "firstMentionSnippet": "第1章：…乎都随着这里的环境而静了下来。 老师带着他们走到一栋圆形的教学楼前，向唐孜然道：“家长在这里等一下吧。” 唐孜然点点头，看…",
    "createdAt": "2026-09-23T07:32:48.083Z",
    "updatedAt": "2026-09-23T07:32:48.083Z",
    "stableKey": "n:教学楼",
    "reviewSource": "AI",
    "lockedFields": [],
    "version": 1,
    "missingFromLatestRun": false,
    "archivedAt": null,
    "lastSeenExtractionSessionId": null
  },
  {
    "id": "1adb0cb9-bfb3-46f4-9345-7e92ce087132",
    "bookId": "eb35e853-2574-49d6-9436-09538abe2acb",
    "name": "史莱克学院",
    "aliases": [
      "史莱克"
    ],
    "description": "被提及的大陆传奇学院，舞长空所教冥想术据说是脱胎于该学院一种简化版的超级冥想术；曾经的大陆顶尖学院，遭鬼王斗罗带队引动十二级定装魂导炮弹袭击，雅莉、唐舞麟所属势力，高端战力与唐门合计原有四位极限斗罗；与唐门一同相对联邦处于弱势的学院，唐舞麟肩负重建它的责任；拥有两万年历史的大陆第一学院，曾被十二级定装魂导炮弹炸毁，如今在唐门支持下重建。设置干扰天穹掩盖重建进度，让生命之种长成参天大树庇护学院才算重建成功；古月娜年少时学习并顺利进入内院成为内院学员的地方；曾被毁灭、正在重建的学院，外围铁丝网已笼罩海神湖湖畔向外约千米范围，几座教学楼初步建好，防御魂导器阵列不断增加；重建一旦推进便令各方势力忌惮，校友也纷纷表示全力支持；正在重建的学院，在工匠全力以赴下土建工作一个月基本完成、已初具规模，计划围绕海神湖建成，三座教学楼和各种魂导器布置正在紧锣密鼓进行，重建消息被比武招亲宣传完全掩盖；唐舞麟等人十年前报考的学院，唐舞麟现为学院海神阁阁主；其总部曾遭遇大灾难，学院毁灭；唐舞麟与古月娜十几年前一同进入的学院，如今与唐门同步进行针对传灵塔的计划；原恩夜辉曾经学习修炼的学院，因擎天斗罗之事在学院历史中有相关记载，后来被毁，原恩家人曾以为原恩夜辉死于学院被毁；正在重建中的大陆第一学院，传灵塔计划在其附近创办高级魂师学院抢夺生源将其挤垮",
    "confidence": 0.955,
    "status": "PENDING",
    "chapterRef": "第1章",
    "importanceScore": 0.231,
    "tier": "candidate",
    "storyScore": 2,
    "productionScore": 0,
    "pillarCausal": 2,
    "pillarUniqueness": 0,
    "pillarTransition": 0,
    "mentionCount": 9052,
    "firstChapter": 1,
    "lastChapter": 1705,
    "chapterAppearances": [
      1,
      16,
      57,
      100,
      106,
      109,
      122,
      132,
      138,
      150,
      159,
      160,
      164,
      167,
      168,
      170,
      185,
      187,
      191,
      194,
      195,
      198,
      199,
      200,
      201,
      202,
      203,
      204,
      206,
      207,
      211,
      212,
      213,
      214,
      216,
      220,
      221,
      222,
      226,
      229,
      230,
      232,
      233,
      244,
      245,
      246,
      247,
      248,
      249,
      251,
      252,
      253,
      255,
      256,
      257,
      259,
      262,
      263,
      264,
      265,
      266,
      267,
      268,
      269,
      270,
      271,
      272,
      273,
      274,
      275,
      277,
      278,
      280,
      281,
      282,
      283,
      284,
      285,
      286,
      287,
      289,
      290,
      291,
      292,
      293,
      294,
      295,
      296,
      297,
      298,
      301,
      302,
      303,
      304,
      305,
      306,
      307,
      308,
      309,
      311,
      313,
      314,
      316,
      317,
      318,
      322,
      323,
      324,
      325,
      326,
      327,
      328,
      329,
      331,
      333,
      334,
      335,
      336,
      338,
      339,
      340,
      341,
      342,
      343,
      345,
      349,
      350,
      353,
      355,
      356,
      359,
      360,
      362,
      363,
      373,
      374,
      376,
      377,
      380,
      381,
      382,
      383,
      384,
      385,
      389,
      394,
      396,
      397,
      398,
      399,
      400,
      401,
      405,
      409,
      410,
      411,
      412,
      413,
      414,
      415,
      416,
      418,
      419,
      420,
      421,
      422,
      425,
      427,
      428,
      429,
      430,
      432,
      435,
      440,
      441,
      442,
      443,
      444,
      445,
      446,
      447,
      448,
      449,
      450,
      451,
      452,
      453,
      454,
      455,
      456,
      458,
      460,
      461,
      462,
      463,
      466,
      467,
      470,
      473,
      475,
      476,
      477,
      478,
      479,
      480,
      481,
      482,
      484,
      485,
      486,
      487,
      488,
      489,
      490,
      491,
      492,
      493,
      494,
      496,
      497,
      498,
      500,
      501,
      502,
      504,
      505,
      506,
      507,
      508,
      509,
      510,
      511,
      512,
      513,
      515,
      516,
      518,
      519,
      521,
      522,
      524,
      525,
      526,
      527,
      528,
      529,
      530,
      532,
      533,
      535,
      536,
      537,
      538,
      539,
      544,
      545,
      546,
      547,
      549,
      550,
      551,
      552,
      553,
      554,
      555,
      556,
      557,
      558,
      559,
      561,
      562,
      563,
      564,
      565,
      567,
      568,
      569,
      570,
      571,
      572,
      573,
      574,
      575,
      576,
      577,
      581,
      587,
      588,
      589,
      590,
      591,
      592,
      593,
      594,
      595,
      596,
      597,
      598,
      599,
      600,
      601,
      602,
      603,
      605,
      606,
      607,
      608,
      609,
      611,
      613,
      616,
      617,
      619,
      622,
      623,
      624,
      626,
      628,
      630,
      631,
      632,
      633,
      634,
      635,
      637,
      638,
      639,
      640,
      642,
      644,
      645,
      646,
      647,
      648,
      649,
      650,
      651,
      652,
      653,
      654,
      656,
      657,
      658,
      659,
      660,
      661,
      663,
      664,
      665,
      666,
      668,
      670,
      671,
      673,
      674,
      681,
      682,
      683,
      684,
      686,
      687,
      688,
      690,
      692,
      693,
      694,
      697,
      698,
      699,
      700,
      702,
      705,
      706,
      709,
      710,
      714,
      716,
      717,
      718,
      720,
      724,
      726,
      727,
      728,
      729,
      730,
      731,
      732,
      733,
      734,
      735,
      736,
      737,
      738,
      740,
      741,
      742,
      743,
      746,
      747,
      750,
      751,
      752,
      753,
      754,
      755,
      756,
      757,
      758,
      760,
      761,
      763,
      766,
      767,
      769,
      770,
      771,
      772,
      773,
      774,
      776,
      779,
      780,
      784,
      789,
      790,
      791,
      792,
      794,
      796,
      797,
      804,
      805,
      807,
      808,
      809,
      812,
      818,
      822,
      823,
      824,
      825,
      826,
      827,
      834,
      843,
      844,
      845,
      846,
      847,
      848,
      850,
      853,
      854,
      858,
      863,
      864,
      865,
      866,
      868,
      870,
      871,
      878,
      879,
      881,
      882,
      883,
      886,
      892,
      896,
      897,
      898,
      899,
      900,
      901,
      908,
      919,
      921,
      925,
      926,
      927,
      929,
      931,
      934,
      939,
      951,
      957,
      965,
      967,
      968,
      972,
      976,
      980,
      981,
      982,
      983,
      984,
      987,
      989,
      990,
      991,
      992,
      994,
      995,
      996,
      997,
      998,
      1003,
      1005,
      1010,
      1011,
      1012,
      1014,
      1015,
      1016,
      1017,
      1018,
      1019,
      1020,
      1021,
      1022,
      1023,
      1024,
      1025,
      1026,
      1027,
      1028,
      1029,
      1030,
      1031,
      1032,
      1033,
      1034,
      1035,
      1036,
      1037,
      1039,
      1040,
      1041,
      1042,
      1043,
      1044,
      1045,
      1046,
      1048,
      1049,
      1050,
      1051,
      1052,
      1053,
      1054,
      1055,
      1056,
      1057,
      1058,
      1059,
      1060,
      1061,
      1062,
      1064,
      1068,
      1071,
      1072,
      1073,
      1074,
      1075,
      1149,
      1150,
      1152,
      1154,
      1155,
      1158,
      1167,
      1171,
      1172,
      1176,
      1177,
      1178,
      1179,
      1181,
      1182,
      1184,
      1185,
      1186,
      1189,
      1190,
      1193,
      1194,
      1195,
      1200,
      1202,
      1206,
      1207,
      1210,
      1211,
      1214,
      1215,
      1216,
      1217,
      1218,
      1219,
      1220,
      1221,
      1222,
      1223,
      1224,
      1225,
      1226,
      1227,
      1228,
      1229,
      1230,
      1231,
      1232,
      1233,
      1234,
      1235,
      1236,
      1237,
      1238,
      1239,
      1240,
      1241,
      1242,
      1243,
      1244,
      1251,
      1253,
      1255,
      1258,
      1260,
      1261,
      1262,
      1264,
      1266,
      1270,
      1274,
      1275,
      1277,
      1278,
      1279,
      1280,
      1298,
      1299,
      1300,
      1307,
      1310,
      1311,
      1312,
      1314,
      1317,
      1318,
      1319,
      1324,
      1325,
      1330,
      1331,
      1332,
      1333,
      1334,
      1335,
      1336,
      1337,
      1339,
      1340,
      1341,
      1342,
      1345,
      1346,
      1350,
      1351,
      1352,
      1353,
      1354,
      1355,
      1356,
      1357,
      1358,
      1359,
      1360,
      1361,
      1362,
      1363,
      1364,
      1366,
      1367,
      1368,
      1370,
      1371,
      1372,
      1373,
      1374,
      1375,
      1376,
      1378,
      1379,
      1380,
      1381,
      1383,
      1384,
      1385,
      1386,
      1387,
      1388,
      1389,
      1390,
      1391,
      1392,
      1393,
      1394,
      1395,
      1396,
      1397,
      1398,
      1399,
      1400,
      1401,
      1402,
      1403,
      1405,
      1407,
      1408,
      1410,
      1412,
      1413,
      1414,
      1416,
      1418,
      1419,
      1420,
      1424,
      1426,
      1427,
      1428,
      1429,
      1430,
      1431,
      1434,
      1435,
      1436,
      1437,
      1438,
      1439,
      1440,
      1441,
      1442,
      1444,
      1445,
      1446,
      1447,
      1449,
      1450,
      1451,
      1452,
      1453,
      1454,
      1455,
      1456,
      1457,
      1458,
      1459,
      1460,
      1461,
      1462,
      1467,
      1468,
      1469,
      1470,
      1471,
      1472,
      1473,
      1476,
      1482,
      1483,
      1484,
      1485,
      1486,
      1487,
      1488,
      1489,
      1490,
      1491,
      1492,
      1496,
      1497,
      1500,
      1501,
      1503,
      1504,
      1505,
      1506,
      1507,
      1508,
      1509,
      1510,
      1511,
      1512,
      1513,
      1518,
      1519,
      1520,
      1521,
      1522,
      1523,
      1524,
      1525,
      1526,
      1528,
      1530,
      1532,
      1533,
      1534,
      1535,
      1536,
      1539,
      1541,
      1542,
      1543,
      1544,
      1545,
      1546,
      1547,
      1548,
      1549,
      1555,
      1558,
      1562,
      1563,
      1564,
      1567,
      1569,
      1570,
      1571,
      1576,
      1577,
      1578,
      1579,
      1580,
      1581,
      1583,
      1586,
      1588,
      1590,
      1595,
      1598,
      1600,
      1601,
      1603,
      1604,
      1607,
      1609,
      1610,
      1611,
      1612,
      1613,
      1616,
      1617,
      1621,
      1622,
      1623,
      1624,
      1625,
      1627,
      1628,
      1629,
      1630,
      1631,
      1632,
      1633,
      1635,
      1636,
      1644,
      1645,
      1646,
      1647,
      1648,
      1649,
      1650,
      1651,
      1653,
      1655,
      1656,
      1657,
      1659,
      1660,
      1661,
      1662,
      1663,
      1664,
      1665,
      1666,
      1667,
      1668,
      1669,
      1670,
      1671,
      1672,
      1673,
      1674,
      1676,
      1678,
      1679,
      1680,
      1683,
      1684,
      1685,
      1686,
      1688,
      1690,
      1691,
      1693,
      1694,
      1696,
      1697,
      1698,
      1700,
      1701,
      1705
    ],
    "firstMentionSnippet": "第16章：…传灵塔会有七层高，大城市的传灵塔足有十三层高。而传灵塔坐落在史莱克城的总部，经过历年的修缮，足有八十一层，被称作斗罗大陆上最宏伟…",
    "createdAt": "2026-09-23T07:32:48.091Z",
    "updatedAt": "2026-09-23T07:32:48.091Z",
    "stableKey": "n:史莱克学院",
    "reviewSource": "AI",
    "lockedFields": [],
    "version": 1,
    "missingFromLatestRun": false,
    "archivedAt": null,
    "lastSeenExtractionSessionId": null
  },
  {
    "id": "244699b8-7ec2-4d8f-b1a5-5a4d9028f4e5",
    "bookId": "eb35e853-2574-49d6-9436-09538abe2acb",
    "name": "升灵台",
    "aliases": [
      "初级升灵台",
      "魂兽森林"
    ],
    "description": "传灵塔耗费上千年、动用十余位封号斗罗和大量顶尖科研人员打造的历练空间，运用空间科技，一半虚拟一半真实，魂师脑波接入后与魂兽战斗提升实战经验，猎杀魂兽可获得其十分之一年份能量用于魂灵进化；初级升灵台限四环以下魂师进入，东海传灵塔内为初级升灵台五号区；可帮助魂灵提升修为的场所，但魂灵在其中的提升有上限，不及万兽台；传灵塔所属的历练之地，传灵塔计划以免费进入万兽台、升灵台的资格吸引优秀年轻人才入学",
    "confidence": 0.777,
    "status": "PENDING",
    "chapterRef": "第121章",
    "importanceScore": 0.231,
    "tier": "candidate",
    "storyScore": 2,
    "productionScore": 0,
    "pillarCausal": 2,
    "pillarUniqueness": 0,
    "pillarTransition": 0,
    "mentionCount": 569,
    "firstChapter": 121,
    "lastChapter": 1698,
    "chapterAppearances": [
      121,
      122,
      123,
      124,
      125,
      126,
      127,
      128,
      129,
      130,
      131,
      132,
      133,
      134,
      135,
      136,
      137,
      138,
      139,
      140,
      141,
      142,
      143,
      144,
      145,
      146,
      147,
      148,
      149,
      150,
      151,
      152,
      155,
      156,
      159,
      160,
      168,
      169,
      170,
      172,
      173,
      174,
      175,
      176,
      177,
      179,
      180,
      182,
      183,
      184,
      187,
      191,
      194,
      201,
      205,
      206,
      220,
      231,
      233,
      234,
      235,
      236,
      237,
      238,
      239,
      241,
      242,
      243,
      244,
      257,
      259,
      275,
      277,
      279,
      297,
      306,
      308,
      328,
      337,
      360,
      362,
      365,
      373,
      488,
      502,
      622,
      627,
      643,
      737,
      738,
      741,
      742,
      780,
      781,
      784,
      785,
      827,
      828,
      829,
      854,
      855,
      858,
      859,
      901,
      902,
      903,
      925,
      959,
      980,
      1062,
      1071,
      1150,
      1219,
      1260,
      1261,
      1263,
      1277,
      1280,
      1286,
      1289,
      1300,
      1353,
      1354,
      1356,
      1363,
      1366,
      1557,
      1672,
      1698
    ],
    "firstMentionSnippet": "第121章：…第一百二十章 升灵台 舞长空道：“那是因为你的精神力已经达到了灵通境。以你目前…",
    "createdAt": "2026-09-23T07:32:48.105Z",
    "updatedAt": "2026-09-23T07:32:48.105Z",
    "stableKey": "n:升灵台",
    "reviewSource": "AI",
    "lockedFields": [],
    "version": 1,
    "missingFromLatestRun": false,
    "archivedAt": null,
    "lastSeenExtractionSessionId": null
  },
  {
    "id": "3008fa0a-a03a-4ba7-888a-209cc4ee61a2",
    "bookId": "eb35e853-2574-49d6-9436-09538abe2acb",
    "name": "东海城锻造师协会",
    "aliases": [
      "锻造师公会",
      "协会"
    ],
    "description": "慕辰担任会长的锻造师组织所在地，唐舞麟计划前往领取锻造师徽章并接取锻造任务，慕曦也在这里完成二级锻造师考核；设有前台、魂导电梯与顶层领取徽章场所的锻造师协会分会，招牌有大锤子标志；唐舞麟在此由云小凌接引、慕辰授予二级徽章；锻造师的行业组织，负责检验成品、支付报酬、发布任务与职业等级认证，慕辰任东海城会长，二层为任务交接区；慕辰任会长的锻造师协会，内有电梯与三层考核用锻造室；台风前夜工作人员多已放假，但因唐舞麟考核特批开门，慕辰、岑岳、慕曦与评测师在场见证；慕辰担任会长的锻造师协会，唐舞麟在此考取三级锻造师并接取任务；慕辰的办公室位于顶层",
    "confidence": 0.752,
    "status": "PENDING",
    "chapterRef": "第27章",
    "importanceScore": 0.231,
    "tier": "candidate",
    "storyScore": 2,
    "productionScore": 0,
    "pillarCausal": 2,
    "pillarUniqueness": 0,
    "pillarTransition": 0,
    "mentionCount": 860,
    "firstChapter": 27,
    "lastChapter": 1507,
    "chapterAppearances": [
      27,
      39,
      40,
      41,
      42,
      44,
      49,
      54,
      57,
      58,
      59,
      60,
      69,
      70,
      71,
      90,
      91,
      92,
      94,
      95,
      96,
      97,
      99,
      111,
      116,
      117,
      118,
      134,
      136,
      149,
      156,
      160,
      181,
      188,
      189,
      190,
      193,
      194,
      195,
      197,
      203,
      204,
      209,
      210,
      216,
      217,
      218,
      220,
      230,
      232,
      244,
      283,
      295,
      299,
      300,
      301,
      302,
      303,
      304,
      305,
      306,
      322,
      323,
      324,
      325,
      326,
      333,
      334,
      335,
      336,
      345,
      348,
      350,
      351,
      380,
      399,
      401,
      412,
      413,
      414,
      415,
      420,
      421,
      422,
      423,
      425,
      426,
      427,
      428,
      429,
      430,
      443,
      484,
      633,
      634,
      635,
      636,
      709,
      711,
      712,
      714,
      717,
      753,
      756,
      981,
      984,
      985,
      986,
      987,
      997,
      998,
      1001,
      1002,
      1003,
      1005,
      1010,
      1019,
      1023,
      1024,
      1025,
      1026,
      1044,
      1243,
      1244,
      1245,
      1246,
      1250,
      1252,
      1260,
      1262,
      1274,
      1275,
      1276,
      1277,
      1284,
      1300,
      1304,
      1305,
      1308,
      1311,
      1312,
      1327,
      1334,
      1351,
      1353,
      1354,
      1357,
      1358,
      1381,
      1387,
      1446,
      1482,
      1507
    ],
    "firstMentionSnippet": "第27章：…才九岁，如果能够完成千锻的话，恐怕就要创造一个纪录了吧。目前锻造师协会的千锻纪录，是由一位圣匠级锻造师保持的，十一岁三个月零两天。…",
    "createdAt": "2026-09-23T07:32:48.097Z",
    "updatedAt": "2026-09-23T07:32:48.097Z",
    "stableKey": "n:东海城锻造师协会",
    "reviewSource": "AI",
    "lockedFields": [],
    "version": 1,
    "missingFromLatestRun": false,
    "archivedAt": null,
    "lastSeenExtractionSessionId": null
  },
  {
    "id": "4d2af3a1-73ea-4f18-8ac1-708818e1b92b",
    "bookId": "eb35e853-2574-49d6-9436-09538abe2acb",
    "name": "血神军团",
    "aliases": [
      "血神营"
    ],
    "description": "拥有明镜斗罗张幻云的强大军团，斗罗大陆巅峰战力之一；守护深渊通道六千年的军团，其中有唐门精英，唐门人员撤出后由传灵塔强者接替；唐舞麟曾经服役的军团，他离开血神军团时曾遭熊君袭击，靠重离子射线枪才化险为夷",
    "confidence": 0.654,
    "status": "PENDING",
    "chapterRef": "第1章",
    "importanceScore": 0.231,
    "tier": "candidate",
    "storyScore": 2,
    "productionScore": 0,
    "pillarCausal": 2,
    "pillarUniqueness": 0,
    "pillarTransition": 0,
    "mentionCount": 781,
    "firstChapter": 1,
    "lastChapter": 1689,
    "chapterAppearances": [
      1,
      779,
      780,
      782,
      784,
      786,
      789,
      790,
      791,
      792,
      793,
      794,
      795,
      796,
      797,
      798,
      799,
      800,
      801,
      802,
      803,
      804,
      805,
      806,
      807,
      808,
      809,
      812,
      813,
      814,
      815,
      817,
      818,
      819,
      820,
      821,
      822,
      823,
      824,
      825,
      826,
      828,
      830,
      833,
      834,
      835,
      839,
      840,
      841,
      853,
      854,
      856,
      858,
      860,
      863,
      864,
      865,
      866,
      867,
      868,
      869,
      870,
      871,
      872,
      873,
      874,
      875,
      876,
      877,
      878,
      879,
      880,
      881,
      882,
      883,
      886,
      887,
      888,
      889,
      891,
      892,
      893,
      894,
      895,
      896,
      897,
      898,
      899,
      900,
      902,
      904,
      907,
      908,
      909,
      913,
      914,
      915,
      918,
      922,
      925,
      926,
      927,
      929,
      934,
      935,
      936,
      939,
      940,
      941,
      942,
      944,
      945,
      950,
      951,
      952,
      953,
      954,
      955,
      956,
      957,
      958,
      961,
      962,
      964,
      965,
      967,
      968,
      970,
      971,
      972,
      974,
      977,
      978,
      979,
      980,
      981,
      982,
      983,
      987,
      996,
      997,
      1014,
      1016,
      1018,
      1021,
      1024,
      1029,
      1030,
      1033,
      1034,
      1042,
      1043,
      1044,
      1045,
      1052,
      1053,
      1054,
      1055,
      1056,
      1172,
      1190,
      1217,
      1229,
      1230,
      1242,
      1307,
      1335,
      1351,
      1399,
      1407,
      1408,
      1410,
      1418,
      1422,
      1435,
      1439,
      1442,
      1490,
      1492,
      1495,
      1497,
      1498,
      1500,
      1504,
      1505,
      1506,
      1508,
      1509,
      1512,
      1544,
      1545,
      1546,
      1547,
      1553,
      1562,
      1567,
      1569,
      1577,
      1579,
      1584,
      1585,
      1591,
      1595,
      1604,
      1622,
      1641,
      1642,
      1644,
      1647,
      1689
    ],
    "firstMentionSnippet": "第779章：…第八百二十四章 血神军团 唐舞麟大概估算了一下，这里的海拔超过了六千米，根本就不是适…",
    "createdAt": "2026-09-23T07:32:48.102Z",
    "updatedAt": "2026-09-23T07:32:48.102Z",
    "stableKey": "n:血神军团",
    "reviewSource": "AI",
    "lockedFields": [],
    "version": 1,
    "missingFromLatestRun": false,
    "archivedAt": null,
    "lastSeenExtractionSessionId": null
  },
  {
    "id": "55efab11-ba50-4cf5-a423-541c08c17e6a",
    "bookId": "eb35e853-2574-49d6-9436-09538abe2acb",
    "name": "机甲师协会",
    "aliases": [],
    "description": "联邦大协会之一、一级协会中的翘楚，规模超过锻造师协会和魂师协会；其测试场位于明都闹市区，是联邦防御等级最高的建筑之一，分为机甲武器测试区、机甲综合测试区和高科技武器测试区，主建筑为椭圆形、高两百米、宽达千米",
    "confidence": 0.715,
    "status": "PENDING",
    "chapterRef": "第1260章",
    "importanceScore": 0.231,
    "tier": "candidate",
    "storyScore": 2,
    "productionScore": 0,
    "pillarCausal": 2,
    "pillarUniqueness": 0,
    "pillarTransition": 0,
    "mentionCount": 42,
    "firstChapter": 1260,
    "lastChapter": 1387,
    "chapterAppearances": [
      1260,
      1275,
      1276,
      1277,
      1308,
      1353,
      1354,
      1357,
      1358,
      1387
    ],
    "firstMentionSnippet": "第1260章：…我实在是太 激动了。要是有可能的话,之后我可否联系您,由我们机甲师协会提供机甲,您 再为我们演示一次。“ 唐舞麟想了想,道:“这个…",
    "createdAt": "2026-09-23T07:32:48.126Z",
    "updatedAt": "2026-09-23T07:32:48.126Z",
    "stableKey": "n:机甲师协会",
    "reviewSource": "AI",
    "lockedFields": [],
    "version": 1,
    "missingFromLatestRun": false,
    "archivedAt": null,
    "lastSeenExtractionSessionId": null
  },
  {
    "id": "5c8af114-47c6-4ad5-a5c5-51ca78fe108f",
    "bookId": "eb35e853-2574-49d6-9436-09538abe2acb",
    "name": "升班赛比赛台",
    "aliases": [],
    "description": "中级部操场正中以厚达十厘米的金属板铺成的直径百米圆形比赛台，周围设有魂导护罩发生器，一年级五班对四班的升班赛首战在此进行",
    "confidence": 0.688,
    "status": "PENDING",
    "chapterRef": "第72章",
    "importanceScore": 0.231,
    "tier": "candidate",
    "storyScore": 2,
    "productionScore": 0,
    "pillarCausal": 2,
    "pillarUniqueness": 0,
    "pillarTransition": 0,
    "mentionCount": 459,
    "firstChapter": 72,
    "lastChapter": 1696,
    "chapterAppearances": [
      72,
      73,
      74,
      80,
      81,
      91,
      99,
      100,
      102,
      104,
      105,
      114,
      199,
      200,
      205,
      206,
      208,
      211,
      213,
      218,
      220,
      221,
      222,
      223,
      225,
      226,
      227,
      228,
      230,
      342,
      343,
      382,
      384,
      391,
      392,
      393,
      394,
      398,
      401,
      405,
      408,
      409,
      479,
      489,
      490,
      493,
      494,
      495,
      501,
      502,
      504,
      505,
      507,
      508,
      509,
      511,
      512,
      514,
      515,
      520,
      521,
      522,
      523,
      524,
      525,
      526,
      527,
      528,
      529,
      530,
      531,
      535,
      537,
      539,
      541,
      543,
      544,
      547,
      548,
      549,
      550,
      552,
      553,
      555,
      556,
      557,
      559,
      560,
      561,
      562,
      563,
      564,
      565,
      567,
      570,
      571,
      573,
      574,
      576,
      577,
      829,
      831,
      835,
      836,
      840,
      841,
      903,
      905,
      909,
      910,
      914,
      915,
      919,
      920,
      921,
      924,
      925,
      927,
      928,
      929,
      930,
      931,
      933,
      937,
      939,
      1147,
      1150,
      1153,
      1154,
      1160,
      1162,
      1163,
      1168,
      1169,
      1172,
      1173,
      1178,
      1180,
      1181,
      1182,
      1277,
      1278,
      1279,
      1280,
      1282,
      1284,
      1286,
      1301,
      1302,
      1303,
      1304,
      1307,
      1308,
      1309,
      1310,
      1312,
      1314,
      1315,
      1320,
      1321,
      1324,
      1326,
      1327,
      1329,
      1332,
      1333,
      1334,
      1696
    ],
    "firstMentionSnippet": "第72章：…今天风和日丽，碧空万里无云。中级部操场正中，已经摆好了一座比赛台，说是比赛台，其实就是用厚达十厘米的金属板铺成的一块直径百米…",
    "createdAt": "2026-09-23T07:32:48.109Z",
    "updatedAt": "2026-09-23T07:32:48.109Z",
    "stableKey": "n:升班赛比赛台",
    "reviewSource": "AI",
    "lockedFields": [],
    "version": 1,
    "missingFromLatestRun": false,
    "archivedAt": null,
    "lastSeenExtractionSessionId": null
  },
  {
    "id": "5e40d692-d7e3-488a-b986-5839d4c05e0a",
    "bookId": "eb35e853-2574-49d6-9436-09538abe2acb",
    "name": "天斗城",
    "aliases": [],
    "description": "震华原本所在的城市，唐舞麟没有前去天斗城，因为震华早已来到明都",
    "confidence": 0.579,
    "status": "PENDING",
    "chapterRef": "第161章",
    "importanceScore": 0.231,
    "tier": "candidate",
    "storyScore": 2,
    "productionScore": 0,
    "pillarCausal": 2,
    "pillarUniqueness": 0,
    "pillarTransition": 0,
    "mentionCount": 242,
    "firstChapter": 161,
    "lastChapter": 1661,
    "chapterAppearances": [
      161,
      162,
      163,
      164,
      165,
      166,
      168,
      169,
      181,
      182,
      185,
      191,
      195,
      232,
      246,
      247,
      252,
      312,
      414,
      415,
      416,
      417,
      419,
      420,
      421,
      425,
      429,
      430,
      433,
      434,
      435,
      436,
      438,
      439,
      483,
      624,
      704,
      705,
      706,
      709,
      710,
      711,
      712,
      717,
      718,
      726,
      728,
      729,
      751,
      752,
      753,
      756,
      774,
      848,
      983,
      984,
      989,
      997,
      1005,
      1010,
      1023,
      1025,
      1026,
      1027,
      1028,
      1034,
      1043,
      1045,
      1053,
      1055,
      1056,
      1057,
      1058,
      1060,
      1061,
      1062,
      1071,
      1072,
      1222,
      1223,
      1225,
      1243,
      1244,
      1337,
      1338,
      1350,
      1399,
      1408,
      1410,
      1412,
      1519,
      1649,
      1661
    ],
    "firstMentionSnippet": "第161章：…舞麟这才知道他们的目的地。 这一列魂导列车前往的地方，叫做天斗城。【愛↑去△小↓說△網w qu 】 天斗城？那不是曾经历史…",
    "createdAt": "2026-09-23T07:32:48.118Z",
    "updatedAt": "2026-09-23T07:32:48.118Z",
    "stableKey": "n:天斗城",
    "reviewSource": "AI",
    "lockedFields": [],
    "version": 1,
    "missingFromLatestRun": false,
    "archivedAt": null,
    "lastSeenExtractionSessionId": null
  },
  {
    "id": "7c20f910-4ab0-4332-8670-04a43057d972",
    "bookId": "eb35e853-2574-49d6-9436-09538abe2acb",
    "name": "海神湖",
    "aliases": [],
    "description": "史莱克学院内的湖泊，湖水充满毁灭能量，凡从魔鬼群岛归来的学员都不怕这些能量。生命之种种于湖中央；古月娜回忆中参加海神缘相亲大会的地点，唐舞麟曾在此向她表白；史莱克学院重建区域围绕的湖泊，湖水中存在辐射影响，防御魂导器阵列增加后更多范围可不受其影响；原本就在史莱克学院内的湖泊，如今面积大得多，未来重建的史莱克城将围绕它建成，但存在需要解决的辐射问题",
    "confidence": 0.738,
    "status": "PENDING",
    "chapterRef": "第287章",
    "importanceScore": 0.231,
    "tier": "candidate",
    "storyScore": 2,
    "productionScore": 0,
    "pillarCausal": 2,
    "pillarUniqueness": 0,
    "pillarTransition": 0,
    "mentionCount": 263,
    "firstChapter": 287,
    "lastChapter": 1700,
    "chapterAppearances": [
      287,
      289,
      295,
      339,
      444,
      593,
      594,
      596,
      598,
      599,
      600,
      602,
      603,
      604,
      606,
      607,
      609,
      610,
      611,
      612,
      614,
      615,
      617,
      618,
      619,
      621,
      624,
      630,
      728,
      732,
      772,
      846,
      987,
      1005,
      1010,
      1011,
      1012,
      1014,
      1016,
      1025,
      1026,
      1029,
      1030,
      1031,
      1032,
      1045,
      1172,
      1176,
      1219,
      1220,
      1221,
      1222,
      1223,
      1224,
      1225,
      1227,
      1228,
      1238,
      1239,
      1240,
      1241,
      1336,
      1341,
      1345,
      1346,
      1350,
      1351,
      1352,
      1353,
      1358,
      1387,
      1388,
      1395,
      1396,
      1405,
      1408,
      1414,
      1415,
      1474,
      1482,
      1484,
      1520,
      1521,
      1522,
      1523,
      1533,
      1588,
      1589,
      1620,
      1621,
      1661,
      1664,
      1665,
      1667,
      1669,
      1696,
      1697,
      1699,
      1700
    ],
    "firstMentionSnippet": "第287章：…这其中最重要也是最核心的地方就叫做海神岛。它坐落在史莱克学院海神湖湖心，这里还有一个地方。叫做海神阁，是整个史莱克学院、史莱克…",
    "createdAt": "2026-09-23T07:32:48.116Z",
    "updatedAt": "2026-09-23T07:32:48.116Z",
    "stableKey": "n:海神湖",
    "reviewSource": "AI",
    "lockedFields": [],
    "version": 1,
    "missingFromLatestRun": false,
    "archivedAt": null,
    "lastSeenExtractionSessionId": null
  },
  {
    "id": "7d6ca8aa-5580-48df-b339-aa6065003993",
    "bookId": "eb35e853-2574-49d6-9436-09538abe2acb",
    "name": "深渊通道",
    "aliases": [],
    "description": "血神军团守护了六千年的通道，无情斗罗曾镇守数十年",
    "confidence": 0.616,
    "status": "PENDING",
    "chapterRef": "第796章",
    "importanceScore": 0.231,
    "tier": "candidate",
    "storyScore": 2,
    "productionScore": 0,
    "pillarCausal": 2,
    "pillarUniqueness": 0,
    "pillarTransition": 0,
    "mentionCount": 361,
    "firstChapter": 796,
    "lastChapter": 1679,
    "chapterAppearances": [
      796,
      797,
      798,
      806,
      807,
      808,
      809,
      810,
      812,
      813,
      814,
      815,
      817,
      818,
      820,
      822,
      823,
      824,
      825,
      826,
      834,
      840,
      870,
      871,
      872,
      880,
      881,
      882,
      883,
      884,
      886,
      887,
      888,
      889,
      891,
      892,
      894,
      896,
      897,
      898,
      899,
      900,
      908,
      914,
      926,
      929,
      934,
      936,
      939,
      940,
      942,
      944,
      949,
      950,
      951,
      952,
      954,
      955,
      956,
      957,
      958,
      960,
      961,
      963,
      971,
      972,
      973,
      974,
      1015,
      1031,
      1054,
      1058,
      1217,
      1314,
      1351,
      1352,
      1399,
      1410,
      1442,
      1461,
      1490,
      1492,
      1495,
      1498,
      1499,
      1500,
      1503,
      1508,
      1514,
      1515,
      1516,
      1517,
      1518,
      1519,
      1523,
      1525,
      1526,
      1528,
      1538,
      1540,
      1541,
      1543,
      1544,
      1545,
      1546,
      1547,
      1562,
      1569,
      1570,
      1571,
      1572,
      1573,
      1575,
      1577,
      1579,
      1583,
      1584,
      1585,
      1586,
      1589,
      1590,
      1593,
      1594,
      1597,
      1600,
      1604,
      1607,
      1609,
      1613,
      1614,
      1615,
      1617,
      1618,
      1619,
      1620,
      1635,
      1641,
      1643,
      1644,
      1648,
      1649,
      1650,
      1651,
      1652,
      1653,
      1654,
      1655,
      1656,
      1658,
      1679
    ],
    "firstMentionSnippet": "第796章：…道来到我们斗罗大陆， 我们称这种生物为深渊生物，称这种通道为深渊通道。” 唐舞麟的瞳孔突然剧烈地收缩起来，他问道：“你的意思是说…",
    "createdAt": "2026-09-23T07:32:48.112Z",
    "updatedAt": "2026-09-23T07:32:48.112Z",
    "stableKey": "n:深渊通道",
    "reviewSource": "AI",
    "lockedFields": [],
    "version": 1,
    "missingFromLatestRun": false,
    "archivedAt": null,
    "lastSeenExtractionSessionId": null
  },
  {
    "id": "90651182-8cfb-40ad-abc0-2bc1f1d32580",
    "bookId": "eb35e853-2574-49d6-9436-09538abe2acb",
    "name": "登天台",
    "aliases": [],
    "description": "震华为天锻建造的特殊高台，设有透明玻璃罩与中央机械升起的锻造设施，可汇聚元素并放大精神力，使天锻环境更稳定、成功率更高；震华演示天锻、唐舞麟首次尝试天锻的锻造之地；穹顶会随元素汇聚变成四色，能辅助元素疯狂注入大锤，锻造台表面更有六彩光芒可化解劈落的闪电，是最适合天锻的地方；震华用于引导天地之力、辅助体会天锻中天地法则变化的锻造场所；本章中唐舞麟未等震华启动，便自行引来多种元素进入登天台；进行天锻的重要台地，震华本打算启动它来帮助引动天地之力；本章因唐舞麟凭吞食天地引来更庞大元素而暂未启动，震华在旁护法；锻造师协会大楼楼顶的锻造台，唐舞麟在此进行首次天锻；第七声雷鸣响起时登天台化为七彩色，连防护装置都无法完全隔绝元素",
    "confidence": 0.737,
    "status": "PENDING",
    "chapterRef": "第1245章",
    "importanceScore": 0.231,
    "tier": "candidate",
    "storyScore": 2,
    "productionScore": 0,
    "pillarCausal": 1,
    "pillarUniqueness": 0,
    "pillarTransition": 1,
    "mentionCount": 28,
    "firstChapter": 1245,
    "lastChapter": 1351,
    "chapterAppearances": [
      1245,
      1246,
      1247,
      1248,
      1250,
      1312,
      1351
    ],
    "firstMentionSnippet": "第1245章：…第一千三百四十九章 登天台 震华微微一笑:“这样建造不是为了看起来壮观,而是有实际意义…",
    "createdAt": "2026-09-23T07:32:48.129Z",
    "updatedAt": "2026-09-23T07:32:48.129Z",
    "stableKey": "n:登天台",
    "reviewSource": "AI",
    "lockedFields": [],
    "version": 1,
    "missingFromLatestRun": false,
    "archivedAt": null,
    "lastSeenExtractionSessionId": null
  },
  {
    "id": "e0e721f6-3ce7-4e69-a39a-1b9a27fb1c56",
    "bookId": "eb35e853-2574-49d6-9436-09538abe2acb",
    "name": "一年级五班",
    "aliases": [],
    "description": "东海学院中的班级，舞长空任教的班级，古月战胜谢邂后获准加入",
    "confidence": 0.607,
    "status": "PENDING",
    "chapterRef": "第34章",
    "importanceScore": 0.231,
    "tier": "candidate",
    "storyScore": 2,
    "productionScore": 0,
    "pillarCausal": 2,
    "pillarUniqueness": 0,
    "pillarTransition": 0,
    "mentionCount": 52,
    "firstChapter": 34,
    "lastChapter": 1696,
    "chapterAppearances": [
      34,
      54,
      56,
      58,
      62,
      64,
      65,
      66,
      69,
      72,
      73,
      74,
      80,
      81,
      82,
      89,
      99,
      100,
      101,
      102,
      103,
      104,
      106,
      107,
      108,
      1696
    ],
    "firstMentionSnippet": "第34章：…舍钥匙，学习资料要等正式上课的时候才会发放。 他被分配到了一年级五班。从这一刻开始，他就是东海学院中学部一年级的新生了。 唐舞…",
    "createdAt": "2026-09-23T07:32:48.123Z",
    "updatedAt": "2026-09-23T07:32:48.123Z",
    "stableKey": "n:一年级五班",
    "reviewSource": "AI",
    "lockedFields": [],
    "version": 1,
    "missingFromLatestRun": false,
    "archivedAt": null,
    "lastSeenExtractionSessionId": null
  },
  {
    "id": "e6ca35fa-6127-443a-8746-9e48a19e48c8",
    "bookId": "eb35e853-2574-49d6-9436-09538abe2acb",
    "name": "唐舞麟家",
    "aliases": [],
    "description": "唐孜然、琅玥、唐舞麟和娜儿居住的平民区住宅，有客厅、厨房和唐舞麟与娜儿同住的房间；攒钱、突破庆祝、融合魂灵和娜儿留信离开等关键情节都发生在这里；唐舞麟居住的家，有其卧室和娜儿曾经睡过的床，唐舞麟昏睡一天一夜后在此醒来并大吃一顿",
    "confidence": 0.631,
    "status": "PENDING",
    "chapterRef": "第14章",
    "importanceScore": 0.231,
    "tier": "candidate",
    "storyScore": 2,
    "productionScore": 0,
    "pillarCausal": 1,
    "pillarUniqueness": 0,
    "pillarTransition": 1,
    "mentionCount": 9,
    "firstChapter": 14,
    "lastChapter": 29,
    "chapterAppearances": [
      14,
      15,
      19,
      20,
      21,
      22,
      23,
      24,
      29
    ],
    "firstMentionSnippet": "第15章：…说是一座城市，实际上就是一个较大的村镇而已，并没有什么城墙。唐舞麟家所住的平民区距离海边很近。 出了家门，走上十几分钟，就能看…",
    "createdAt": "2026-09-23T07:32:48.132Z",
    "updatedAt": "2026-09-23T07:32:48.132Z",
    "stableKey": "n:唐舞麟家",
    "reviewSource": "AI",
    "lockedFields": [],
    "version": 1,
    "missingFromLatestRun": false,
    "archivedAt": null,
    "lastSeenExtractionSessionId": null
  },
  {
    "id": "fe2d4e7a-4782-4ee5-82b5-caafe657f849",
    "bookId": "eb35e853-2574-49d6-9436-09538abe2acb",
    "name": "平民区小花园",
    "aliases": [
      "小花园",
      "蓝银草草坪"
    ],
    "description": "唐舞麟家附近平民区的小花园，学校放假时唐舞麟常带娜儿来玩；唐舞麟曾在这里盘膝冥想并于清晨被认为突破到十级",
    "confidence": 0.581,
    "status": "PENDING",
    "chapterRef": "第14章",
    "importanceScore": 0.231,
    "tier": "candidate",
    "storyScore": 2,
    "productionScore": 0,
    "pillarCausal": 1,
    "pillarUniqueness": 0,
    "pillarTransition": 1,
    "mentionCount": 7,
    "firstChapter": 14,
    "lastChapter": 1694,
    "chapterAppearances": [
      14,
      15,
      23,
      24,
      47,
      1694
    ],
    "firstMentionSnippet": "第14章：…并不美妙的梦。 夜晚的空气特别清爽，唐舞麟住的平民区有一片小花园，学校放假的时候，他经常带着娜儿来这里玩。 走进花园，似乎…",
    "createdAt": "2026-09-23T07:32:48.135Z",
    "updatedAt": "2026-09-23T07:32:48.135Z",
    "stableKey": "n:平民区小花园",
    "reviewSource": "AI",
    "lockedFields": [],
    "version": 1,
    "missingFromLatestRun": false,
    "archivedAt": null,
    "lastSeenExtractionSessionId": null
  },
  {
    "id": "fe57e35a-cf87-456a-8f67-53aa06a6b19e",
    "bookId": "eb35e853-2574-49d6-9436-09538abe2acb",
    "name": "魔鬼群岛",
    "aliases": [],
    "description": "史莱克学院学员历练之地，从那里归来的学员都不怕海神湖的毁灭能量，已有三批学员归来；令史莱克学院年轻人谈之色变的险恶之地。司马金驰听说相关经历后断然拒绝前往，认为那里会造成严重受虐",
    "confidence": 0.6,
    "status": "PENDING",
    "chapterRef": "第653章",
    "importanceScore": 0.231,
    "tier": "candidate",
    "storyScore": 2,
    "productionScore": 0,
    "pillarCausal": 2,
    "pillarUniqueness": 0,
    "pillarTransition": 0,
    "mentionCount": 174,
    "firstChapter": 653,
    "lastChapter": 1474,
    "chapterAppearances": [
      653,
      658,
      659,
      660,
      665,
      666,
      667,
      668,
      669,
      671,
      673,
      674,
      675,
      677,
      679,
      681,
      682,
      684,
      685,
      686,
      687,
      689,
      690,
      692,
      693,
      694,
      695,
      696,
      697,
      717,
      718,
      719,
      725,
      727,
      733,
      738,
      742,
      789,
      791,
      794,
      795,
      822,
      823,
      830,
      863,
      865,
      868,
      869,
      896,
      897,
      904,
      920,
      925,
      933,
      950,
      970,
      971,
      981,
      986,
      993,
      994,
      1008,
      1019,
      1023,
      1032,
      1033,
      1036,
      1037,
      1044,
      1045,
      1049,
      1050,
      1058,
      1228,
      1236,
      1242,
      1260,
      1272,
      1314,
      1326,
      1329,
      1351,
      1353,
      1363,
      1370,
      1393,
      1397,
      1418,
      1474
    ],
    "firstMentionSnippet": "第653章：…会有七名史莱克学院的学员前来参加军训，你们的目的地就是海上的魔鬼群岛，但很显然，想要从我们的防线过去，那是不可能的，我们的职责就…",
    "createdAt": "2026-09-23T07:32:48.120Z",
    "updatedAt": "2026-09-23T07:32:48.120Z",
    "stableKey": "n:魔鬼群岛",
    "reviewSource": "AI",
    "lockedFields": [],
    "version": 1,
    "missingFromLatestRun": false,
    "archivedAt": null,
    "lastSeenExtractionSessionId": null
  },
  {
    "id": "40c994f5-bd55-4298-b943-38e00637c420",
    "bookId": "eb35e853-2574-49d6-9436-09538abe2acb",
    "name": "观星台",
    "aliases": [],
    "description": "星罗皇宫中的最高建筑物，戴云儿立于其顶端遥望唐舞麟乘潜艇远去",
    "confidence": 0.603,
    "status": "PENDING",
    "chapterRef": "第444章",
    "importanceScore": 0.194,
    "tier": "candidate",
    "storyScore": 1,
    "productionScore": 0.25,
    "pillarCausal": 1,
    "pillarUniqueness": 0,
    "pillarTransition": 0,
    "mentionCount": 32,
    "firstChapter": 444,
    "lastChapter": 1484,
    "chapterAppearances": [
      444,
      445,
      446,
      447,
      448,
      449,
      760,
      1004,
      1195,
      1196,
      1458,
      1484
    ],
    "firstMentionSnippet": "第444章：…讶的是，这是一座露天大厅，没有穹顶，直面苍穹。 “这是学院的观星台，也是重要的实战训练场地。直径达到三百米，因为我们学院以飞行…",
    "createdAt": "2026-09-23T07:32:48.147Z",
    "updatedAt": "2026-09-23T07:32:48.147Z",
    "stableKey": "n:观星台",
    "reviewSource": "AI",
    "lockedFields": [],
    "version": 1,
    "missingFromLatestRun": false,
    "archivedAt": null,
    "lastSeenExtractionSessionId": null
  },
  {
    "id": "435dccb5-7704-486e-91ab-7152a80c1b1f",
    "bookId": "eb35e853-2574-49d6-9436-09538abe2acb",
    "name": "闷罐牛肉店",
    "aliases": [],
    "description": "小吃街上的小店，灶台在外有近百个小火眼，店内仅五张长方桌，李叔经营，谢邂常来怀念亡母，店门灶台曾被光龙踢翻砸毁",
    "confidence": 0.481,
    "status": "PENDING",
    "chapterRef": "第75章",
    "importanceScore": 0.194,
    "tier": "candidate",
    "storyScore": 1,
    "productionScore": 0.25,
    "pillarCausal": 1,
    "pillarUniqueness": 0,
    "pillarTransition": 0,
    "mentionCount": 4,
    "firstChapter": 75,
    "lastChapter": 77,
    "chapterAppearances": [
      75,
      76,
      77
    ],
    "firstMentionSnippet": "第75章：…边道：“不跟哭鼻子的家伙吵架。呜呜，好好吃。” 当三人离开闷罐牛肉店时，李叔看着他们的背影，不禁感叹一声，“现在的孩子，真是太能…",
    "createdAt": "2026-09-23T07:32:48.168Z",
    "updatedAt": "2026-09-23T07:32:48.168Z",
    "stableKey": "n:闷罐牛肉店",
    "reviewSource": "AI",
    "lockedFields": [],
    "version": 1,
    "missingFromLatestRun": false,
    "archivedAt": null,
    "lastSeenExtractionSessionId": null
  },
  {
    "id": "5e89f2fb-9e94-4728-847b-f08bc8ebde04",
    "bookId": "eb35e853-2574-49d6-9436-09538abe2acb",
    "name": "小吃街",
    "aliases": [],
    "description": "东海城中的街道，李叔等人在此开店铺，光龙在此收取保护费并与唐舞麟等人发生冲突",
    "confidence": 0.572,
    "status": "PENDING",
    "chapterRef": "第74章",
    "importanceScore": 0.194,
    "tier": "candidate",
    "storyScore": 1,
    "productionScore": 0.25,
    "pillarCausal": 1,
    "pillarUniqueness": 0,
    "pillarTransition": 0,
    "mentionCount": 8,
    "firstChapter": 74,
    "lastChapter": 484,
    "chapterAppearances": [
      74,
      75,
      78,
      484
    ],
    "firstMentionSnippet": "第74章：…谢邂道：“先去吃东西吧，这不是你最喜欢的吗？我知道有一条小吃街，我们去那里吃好了。” 唐舞麟道：“确定是你请客吗？”…",
    "createdAt": "2026-09-23T07:32:48.165Z",
    "updatedAt": "2026-09-23T07:32:48.165Z",
    "stableKey": "n:小吃街",
    "reviewSource": "AI",
    "lockedFields": [],
    "version": 1,
    "missingFromLatestRun": false,
    "archivedAt": null,
    "lastSeenExtractionSessionId": null
  },
  {
    "id": "6412c94a-55f1-4f95-90d8-7d6a7b436ddd",
    "bookId": "eb35e853-2574-49d6-9436-09538abe2acb",
    "name": "东海传灵塔",
    "aliases": [
      "十八天柱",
      "东海城传灵塔"
    ],
    "description": "位于东海城的传灵塔十八大分塔之一，又称十八天柱，高达上百层超过四百米，基座八角形，是东海城地标性建筑，内设金碧辉煌的壁画大厅和深入地底的升灵台设施",
    "confidence": 0.708,
    "status": "PENDING",
    "chapterRef": "第122章",
    "importanceScore": 0.194,
    "tier": "candidate",
    "storyScore": 1,
    "productionScore": 0.25,
    "pillarCausal": 1,
    "pillarUniqueness": 0,
    "pillarTransition": 0,
    "mentionCount": 15,
    "firstChapter": 122,
    "lastChapter": 233,
    "chapterAppearances": [
      122,
      123,
      124,
      126,
      130,
      135,
      137,
      169,
      233
    ],
    "firstMentionSnippet": "第122章：…第一百二十一章 东海传灵塔 “所以说，学院这次是大手笔啊！”谢邂一脸赞叹的道：“想要拿…",
    "createdAt": "2026-09-23T07:32:48.159Z",
    "updatedAt": "2026-09-23T07:32:48.159Z",
    "stableKey": "n:东海传灵塔",
    "reviewSource": "AI",
    "lockedFields": [],
    "version": 1,
    "missingFromLatestRun": false,
    "archivedAt": null,
    "lastSeenExtractionSessionId": null
  },
  {
    "id": "8eabbfe0-36df-4e9f-b943-034f6b26d6c0",
    "bookId": "eb35e853-2574-49d6-9436-09538abe2acb",
    "name": "海神湖湖底避难所",
    "aliases": [
      "避难所"
    ],
    "description": "位于海神湖湖底的避难所，史莱克学院重建期间，唐舞麟等人平时在这里休息，并在此处观看比武招亲宣传视频",
    "confidence": 0.694,
    "status": "PENDING",
    "chapterRef": "第1015章",
    "importanceScore": 0.194,
    "tier": "candidate",
    "storyScore": 1,
    "productionScore": 0.25,
    "pillarCausal": 1,
    "pillarUniqueness": 0,
    "pillarTransition": 0,
    "mentionCount": 32,
    "firstChapter": 1015,
    "lastChapter": 1393,
    "chapterAppearances": [
      1015,
      1016,
      1017,
      1018,
      1020,
      1025,
      1026,
      1030,
      1032,
      1036,
      1053,
      1225,
      1240,
      1393
    ],
    "firstMentionSnippet": "第1015章：…第一千零六十四章 避难所 不管是唐舞麟，还是舞丝朵，都有种身在梦中的感觉。 一时间，…",
    "createdAt": "2026-09-23T07:32:48.151Z",
    "updatedAt": "2026-09-23T07:32:48.151Z",
    "stableKey": "n:海神湖湖底避难所",
    "reviewSource": "AI",
    "lockedFields": [],
    "version": 1,
    "missingFromLatestRun": false,
    "archivedAt": null,
    "lastSeenExtractionSessionId": null
  },
  {
    "id": "a2991f5c-60e5-4391-b705-4b16139e7f6f",
    "bookId": "eb35e853-2574-49d6-9436-09538abe2acb",
    "name": "东海城",
    "aliases": [
      "东海"
    ],
    "description": "唐舞麟即将前往上学的中级学院所在城市，被描述为真正的大城市；邙天工作室接的工作多来自东海城，邙天在那里也有工作室并会指点唐舞麟；唐舞麟将要前往的城市，邙天叮嘱他出发前再来一次；日月联邦东海海滨第二大城市，重要港口、海洋运输和海洋资源开发城市，常住人口三百余万，因海洋资源利用而富裕，城市面貌保持古朴风格并保存大量上千年建筑；比傲来城大很多倍的大城市，东海学院与锻造师协会所在地，唐舞麟步行半个多小时从学院走到锻造师协会；唐舞麟来到的陌生城市，他就读的学院与锻造师协会东海城分会均位于此；被提及的城市范围，刘语心称六环魂帝级强者放在整个东海城恐怕也没有几位；慕辰任锻造师协会会长的城市，本章通过慕辰身份带出；唐舞麟来到后逐渐摆脱陌生感的城市；锻造师协会顶层视野开阔，几乎能看到半个高楼林立、宛如钢铁森林的东海城；邙天拥有锻造室的城市；唐舞麟计划使用邙天在东海城的锻造室完成接取的任务；联邦东部临海区域第二大城，大城市且沿海，联邦在此部署五百台魂导机甲组成的机甲大队；邙天当日下午将来到的城市，唐舞麟等人就读学院所在地，城中有可竞拍灵果的拍卖会；毗邻海滨的城市，常受台风侵袭；本章因强热带风暴来袭发布紧急通知，所有课程与升班赛暂停；锻造师协会所在城市，慕辰被称为东海城锻造师协会会长，并称唐舞麟是东海城有可能走出去的绝世天才锻造师；故事主要发生城市，锻造师协会所在地，台风前沿登陆时狂风暴雨；唐舞麟所在的城市，东海城锻造师协会分会所在地，慕辰表示庆幸唐舞麟在此城；东边的大城市，商业发达并借助海洋资源发展富裕，但地势偏僻、偏安一隅，使东海学院在全大陆招生中并不占优",
    "confidence": 0.755,
    "status": "PENDING",
    "chapterRef": "第1章",
    "importanceScore": 0.194,
    "tier": "candidate",
    "storyScore": 1,
    "productionScore": 0.25,
    "pillarCausal": 1,
    "pillarUniqueness": 0,
    "pillarTransition": 0,
    "mentionCount": 602,
    "firstChapter": 1,
    "lastChapter": 1699,
    "chapterAppearances": [
      1,
      25,
      32,
      33,
      34,
      35,
      37,
      38,
      39,
      40,
      41,
      42,
      45,
      46,
      47,
      48,
      51,
      57,
      58,
      59,
      62,
      66,
      67,
      69,
      71,
      72,
      74,
      75,
      79,
      80,
      83,
      84,
      85,
      86,
      88,
      89,
      90,
      91,
      92,
      93,
      94,
      95,
      96,
      99,
      100,
      101,
      106,
      107,
      109,
      110,
      114,
      118,
      122,
      130,
      134,
      135,
      136,
      137,
      151,
      156,
      157,
      159,
      161,
      162,
      163,
      164,
      165,
      166,
      168,
      169,
      170,
      173,
      181,
      182,
      183,
      187,
      189,
      191,
      193,
      194,
      195,
      196,
      197,
      198,
      199,
      201,
      203,
      206,
      207,
      209,
      210,
      215,
      216,
      217,
      218,
      219,
      221,
      222,
      223,
      226,
      227,
      230,
      231,
      232,
      233,
      244,
      245,
      246,
      248,
      251,
      252,
      255,
      266,
      289,
      290,
      291,
      293,
      295,
      296,
      297,
      299,
      300,
      301,
      303,
      305,
      306,
      312,
      323,
      327,
      333,
      336,
      338,
      340,
      342,
      355,
      399,
      425,
      618,
      626,
      652,
      659,
      702,
      753,
      984,
      995,
      1050,
      1051,
      1052,
      1053,
      1054,
      1056,
      1058,
      1060,
      1176,
      1178,
      1196,
      1500,
      1508,
      1510,
      1526,
      1536,
      1566,
      1567,
      1568,
      1649,
      1699
    ],
    "firstMentionSnippet": "第25章：…？” 唐舞麟道：“嗯。毕业了。” 邙天道：“中级学院要在东海城上吧？” 唐舞麟道：“是啊！我正准备跟您说呢，我去东海城上…",
    "createdAt": "2026-09-23T07:32:48.138Z",
    "updatedAt": "2026-09-23T07:32:48.138Z",
    "stableKey": "n:东海城",
    "reviewSource": "AI",
    "lockedFields": [],
    "version": 1,
    "missingFromLatestRun": false,
    "archivedAt": null,
    "lastSeenExtractionSessionId": null
  },
  {
    "id": "b18a28af-cd14-4f7a-b062-7b8efd300789",
    "bookId": "eb35e853-2574-49d6-9436-09538abe2acb",
    "name": "傲来城传灵塔",
    "aliases": [
      "传灵塔分部"
    ],
    "description": "傲来城最大的建筑物，位于城中心，是最低等级的三层八角形传灵塔分部；内部宽阔，有传灵师柜台、精神力测试房间和随机魂灵抽取房间",
    "confidence": 0.688,
    "status": "PENDING",
    "chapterRef": "第16章",
    "importanceScore": 0.194,
    "tier": "candidate",
    "storyScore": 1,
    "productionScore": 0.25,
    "pillarCausal": 1,
    "pillarUniqueness": 0,
    "pillarTransition": 0,
    "mentionCount": 11,
    "firstChapter": 16,
    "lastChapter": 1394,
    "chapterAppearances": [
      16,
      17,
      18,
      19,
      306,
      1061,
      1062,
      1066,
      1171,
      1312,
      1394
    ],
    "firstMentionSnippet": "第16章：…的分部，坐落在城中心，是一座高三层的塔状建筑，这是最低等级的传灵塔分部了，中等城市的传灵塔会有七层高，大城市的传灵塔足有十三层高。…",
    "createdAt": "2026-09-23T07:32:48.162Z",
    "updatedAt": "2026-09-23T07:32:48.162Z",
    "stableKey": "n:傲来城传灵塔",
    "reviewSource": "AI",
    "lockedFields": [],
    "version": 1,
    "missingFromLatestRun": false,
    "archivedAt": null,
    "lastSeenExtractionSessionId": null
  },
  {
    "id": "d2bf1886-1d26-465b-bf05-933e73ac01e7",
    "bookId": "eb35e853-2574-49d6-9436-09538abe2acb",
    "name": "红山初级学院",
    "aliases": [],
    "description": "傲来城内的初级学院，唐舞麟九岁毕业于此，并凭其推荐信报考东海学院",
    "confidence": 0.373,
    "status": "PENDING",
    "chapterRef": "第35章",
    "importanceScore": 0.194,
    "tier": "candidate",
    "storyScore": 1,
    "productionScore": 0.25,
    "pillarCausal": 1,
    "pillarUniqueness": 0,
    "pillarTransition": 0,
    "mentionCount": 1,
    "firstChapter": 35,
    "lastChapter": 35,
    "chapterAppearances": [
      35
    ],
    "firstMentionSnippet": "第35章：…刘语心看着唐舞麟填表格，不禁念了出来，“唐舞麟，九岁，傲来城红山初级学院毕业。十一级植物系魂师，武魂，蓝银草。咦，你的武魂是蓝银草？…",
    "createdAt": "2026-09-23T07:32:48.171Z",
    "updatedAt": "2026-09-23T07:32:48.171Z",
    "stableKey": "n:红山初级学院",
    "reviewSource": "AI",
    "lockedFields": [],
    "version": 1,
    "missingFromLatestRun": false,
    "archivedAt": null,
    "lastSeenExtractionSessionId": null
  },
  {
    "id": "d6ff1f90-12bf-4ee1-a183-4a15e4e914c7",
    "bookId": "eb35e853-2574-49d6-9436-09538abe2acb",
    "name": "零班教室",
    "aliases": [],
    "description": "零班上课的教室，本章中舞长空在此进行基础实战训练，古月曾借火球散射威胁教室迫使舞长空回救",
    "confidence": 0.351,
    "status": "PENDING",
    "chapterRef": "第112章",
    "importanceScore": 0.194,
    "tier": "candidate",
    "storyScore": 1,
    "productionScore": 0.25,
    "pillarCausal": 1,
    "pillarUniqueness": 0,
    "pillarTransition": 0,
    "mentionCount": 1,
    "firstChapter": 112,
    "lastChapter": 112,
    "chapterAppearances": [
      112
    ],
    "firstMentionSnippet": null,
    "createdAt": "2026-09-23T07:32:48.173Z",
    "updatedAt": "2026-09-23T07:32:48.173Z",
    "stableKey": "n:零班教室",
    "reviewSource": "AI",
    "lockedFields": [],
    "version": 1,
    "missingFromLatestRun": false,
    "archivedAt": null,
    "lastSeenExtractionSessionId": null
  },
  {
    "id": "d9320375-cb41-405c-a3e3-94ed6d9fe7ec",
    "bookId": "eb35e853-2574-49d6-9436-09538abe2acb",
    "name": "明城",
    "aliases": [],
    "description": "联邦总部所在地，位于大陆西边，与史莱克城是大陆上唯二的巨型城市",
    "confidence": 0.328,
    "status": "PENDING",
    "chapterRef": "第122章",
    "importanceScore": 0.194,
    "tier": "candidate",
    "storyScore": 1,
    "productionScore": 0.25,
    "pillarCausal": 1,
    "pillarUniqueness": 0,
    "pillarTransition": 0,
    "mentionCount": 1,
    "firstChapter": 122,
    "lastChapter": 122,
    "chapterAppearances": [
      122
    ],
    "firstMentionSnippet": null,
    "createdAt": "2026-09-23T07:32:48.175Z",
    "updatedAt": "2026-09-23T07:32:48.175Z",
    "stableKey": "n:明城",
    "reviewSource": "AI",
    "lockedFields": [],
    "version": 1,
    "missingFromLatestRun": false,
    "archivedAt": null,
    "lastSeenExtractionSessionId": null
  },
  {
    "id": "f0c51bf2-cb11-43a6-9b87-89c6b6222d20",
    "bookId": "eb35e853-2574-49d6-9436-09538abe2acb",
    "name": "星罗大陆",
    "aliases": [],
    "description": "星罗帝国所在的大陆，唐舞麟一行刚离开不久，联邦舰队随即逼近；星罗帝国所在的大陆，一旦联邦舰队登陆建立桥头堡，便可将更多武器士兵运到星罗大陆，星罗帝国便有亡国之危；唐舞麟曾在此参加五神之决的大陆，其比武招亲宣传力度被传灵塔用于对比",
    "confidence": 0.669,
    "status": "PENDING",
    "chapterRef": "第2章",
    "importanceScore": 0.194,
    "tier": "candidate",
    "storyScore": 1,
    "productionScore": 0.25,
    "pillarCausal": 1,
    "pillarUniqueness": 0,
    "pillarTransition": 0,
    "mentionCount": 168,
    "firstChapter": 2,
    "lastChapter": 1682,
    "chapterAppearances": [
      2,
      16,
      150,
      194,
      462,
      464,
      466,
      470,
      474,
      475,
      477,
      478,
      479,
      480,
      482,
      484,
      485,
      488,
      489,
      490,
      498,
      504,
      505,
      506,
      508,
      509,
      510,
      511,
      512,
      516,
      517,
      521,
      522,
      526,
      528,
      539,
      546,
      547,
      551,
      552,
      553,
      558,
      559,
      567,
      573,
      575,
      576,
      577,
      578,
      581,
      591,
      592,
      594,
      596,
      597,
      622,
      624,
      651,
      692,
      714,
      829,
      903,
      925,
      928,
      980,
      989,
      995,
      1027,
      1028,
      1033,
      1045,
      1057,
      1060,
      1171,
      1173,
      1176,
      1178,
      1185,
      1195,
      1196,
      1209,
      1217,
      1229,
      1241,
      1277,
      1319,
      1389,
      1504,
      1524,
      1592,
      1599,
      1654,
      1661,
      1682
    ],
    "firstMentionSnippet": "第2章：…多了，这是一种标准的废武魂啊！蓝银草在整个斗罗大陆，甚至是在星罗大陆和天斗大陆，都是最普通的存在，红山学院的草坪上也是随处可见。…",
    "createdAt": "2026-09-23T07:32:48.143Z",
    "updatedAt": "2026-09-23T07:32:48.143Z",
    "stableKey": "n:星罗大陆",
    "reviewSource": "AI",
    "lockedFields": [],
    "version": 1,
    "missingFromLatestRun": false,
    "archivedAt": null,
    "lastSeenExtractionSessionId": null
  },
  {
    "id": "56c7e586-f187-4b25-8c77-5842445a46dd",
    "bookId": "eb35e853-2574-49d6-9436-09538abe2acb",
    "name": "万兽台禁区",
    "aliases": [
      "禁区的核心地带"
    ],
    "description": "万兽台中能量紊乱、设备无法监控的区域，内有小湖，栖息着泰坦巨猿、天青牛蟒等经特殊培养的珍稀强大魂兽，禁区内的一切外界都控制不了",
    "confidence": 0.418,
    "status": "PENDING",
    "chapterRef": "第1270章",
    "importanceScore": 0.1565,
    "tier": "candidate",
    "storyScore": 1,
    "productionScore": 0.125,
    "pillarCausal": 0,
    "pillarUniqueness": 0,
    "pillarTransition": 1,
    "mentionCount": 1,
    "firstChapter": 1270,
    "lastChapter": 1270,
    "chapterAppearances": [
      1270
    ],
    "firstMentionSnippet": null,
    "createdAt": "2026-09-23T07:32:48.179Z",
    "updatedAt": "2026-09-23T07:32:48.179Z",
    "stableKey": "n:万兽台禁区",
    "reviewSource": "AI",
    "lockedFields": [],
    "version": 1,
    "missingFromLatestRun": false,
    "archivedAt": null,
    "lastSeenExtractionSessionId": null
  },
  {
    "id": "b15650f0-c843-4fb5-b1f2-8b81bbfe56d2",
    "bookId": "eb35e853-2574-49d6-9436-09538abe2acb",
    "name": "星罗城",
    "aliases": [],
    "description": "星罗帝国的首都，本章战斗发生地。唐舞麟刚在此获得五神之决的胜利，若他死在这里星罗帝国将百口莫辩，因此恩慈格外紧张；星罗帝国的都城，城内有公园，唐门在城中设有星罗帝国分部；星罗帝国的都城，戴云儿所在的星罗皇宫位于此处",
    "confidence": 0.656,
    "status": "PENDING",
    "chapterRef": "第164章",
    "importanceScore": 0.1565,
    "tier": "candidate",
    "storyScore": 1,
    "productionScore": 0.125,
    "pillarCausal": 1,
    "pillarUniqueness": 0,
    "pillarTransition": 0,
    "mentionCount": 68,
    "firstChapter": 164,
    "lastChapter": 1196,
    "chapterAppearances": [
      164,
      313,
      479,
      480,
      482,
      483,
      484,
      485,
      488,
      489,
      492,
      497,
      498,
      500,
      504,
      505,
      508,
      510,
      524,
      533,
      552,
      554,
      555,
      557,
      558,
      576,
      577,
      579,
      586,
      594,
      606,
      1154,
      1156,
      1157,
      1158,
      1172,
      1182,
      1183,
      1189,
      1192,
      1194,
      1195,
      1196
    ],
    "firstMentionSnippet": "第164章：…长空道：“雨浩烤鱼在大陆中部地区，尤其是在天斗城、史莱克城、星罗城都非常有名。据说，这烤鱼的配方是传灵塔初代塔主霍雨浩传下来的…",
    "createdAt": "2026-09-23T07:32:48.177Z",
    "updatedAt": "2026-09-23T07:32:48.177Z",
    "stableKey": "n:星罗城",
    "reviewSource": "AI",
    "lockedFields": [],
    "version": 1,
    "missingFromLatestRun": false,
    "archivedAt": null,
    "lastSeenExtractionSessionId": null
  },
  {
    "id": "072806f0-0295-4622-bf83-3ff8b35d8088",
    "bookId": "eb35e853-2574-49d6-9436-09538abe2acb",
    "name": "医务室",
    "aliases": [],
    "description": "舞长空抱谢邂前往治疗的地方，治疗系武魂老师在此检查谢邂伤势，并化解唐舞麟身上残存的黑暗能量；谢邂在升班赛后留下观察之处，清晨仍未返回宿舍",
    "confidence": 0.409,
    "status": "PENDING",
    "chapterRef": "第105章",
    "importanceScore": 0.119,
    "tier": "candidate",
    "storyScore": 1,
    "productionScore": 0,
    "pillarCausal": 1,
    "pillarUniqueness": 0,
    "pillarTransition": 0,
    "mentionCount": 3,
    "firstChapter": 105,
    "lastChapter": 107,
    "chapterAppearances": [
      105,
      107
    ],
    "firstMentionSnippet": "第105章：…！这是很多年都没有出现过的大事故。 舞长空抱着谢邂直接去了医务室，拥有治疗系武魂的老师为他检查了身体。索性，只是应力性骨折，…",
    "createdAt": "2026-09-23T07:32:48.356Z",
    "updatedAt": "2026-09-23T07:32:48.356Z",
    "stableKey": "n:医务室",
    "reviewSource": "AI",
    "lockedFields": [],
    "version": 1,
    "missingFromLatestRun": false,
    "archivedAt": null,
    "lastSeenExtractionSessionId": null
  },
  {
    "id": "0c8bf906-aae8-481e-8ac8-9c4f706d054f",
    "bookId": "eb35e853-2574-49d6-9436-09538abe2acb",
    "name": "唐门",
    "aliases": [],
    "description": "唐门在星罗帝国的驻地，恩慈将唐舞麟等人一路护送回唐门才离去，唯恐哈洛萨杀回马枪；与史莱克学院关系密切的势力，在星罗帝国有分部，唐舞麟昨日自行返回此地，戴云儿在其中有不低的地位并布置了眼线",
    "confidence": 0.776,
    "status": "PENDING",
    "chapterRef": "第1章",
    "importanceScore": 0.119,
    "tier": "candidate",
    "storyScore": 1,
    "productionScore": 0,
    "pillarCausal": 1,
    "pillarUniqueness": 0,
    "pillarTransition": 0,
    "mentionCount": 2768,
    "firstChapter": 1,
    "lastChapter": 1705,
    "chapterAppearances": [
      1,
      2,
      3,
      4,
      8,
      23,
      24,
      28,
      55,
      57,
      116,
      152,
      159,
      160,
      161,
      164,
      165,
      166,
      167,
      168,
      169,
      171,
      173,
      181,
      192,
      195,
      213,
      214,
      215,
      216,
      224,
      231,
      232,
      233,
      237,
      238,
      246,
      249,
      250,
      256,
      262,
      272,
      284,
      287,
      295,
      300,
      301,
      303,
      306,
      318,
      319,
      323,
      327,
      340,
      360,
      374,
      376,
      388,
      393,
      394,
      399,
      405,
      407,
      414,
      418,
      428,
      435,
      441,
      446,
      447,
      461,
      463,
      467,
      468,
      469,
      473,
      477,
      484,
      485,
      488,
      495,
      497,
      498,
      500,
      509,
      510,
      513,
      515,
      518,
      519,
      520,
      528,
      530,
      533,
      534,
      536,
      539,
      540,
      541,
      543,
      547,
      548,
      549,
      550,
      553,
      554,
      562,
      571,
      575,
      576,
      577,
      578,
      581,
      583,
      585,
      586,
      590,
      591,
      592,
      594,
      596,
      602,
      614,
      615,
      616,
      624,
      626,
      627,
      630,
      631,
      632,
      635,
      644,
      648,
      649,
      678,
      680,
      686,
      692,
      703,
      704,
      705,
      706,
      707,
      708,
      709,
      710,
      711,
      712,
      713,
      714,
      715,
      716,
      717,
      724,
      728,
      729,
      730,
      731,
      732,
      733,
      734,
      742,
      746,
      747,
      750,
      751,
      753,
      755,
      756,
      757,
      758,
      760,
      761,
      762,
      763,
      764,
      766,
      767,
      768,
      769,
      772,
      773,
      774,
      775,
      776,
      777,
      779,
      788,
      794,
      796,
      797,
      804,
      812,
      816,
      821,
      822,
      823,
      824,
      825,
      826,
      827,
      832,
      838,
      842,
      843,
      846,
      847,
      848,
      849,
      850,
      851,
      853,
      862,
      868,
      870,
      871,
      878,
      886,
      890,
      895,
      896,
      897,
      898,
      899,
      900,
      901,
      906,
      912,
      925,
      926,
      927,
      935,
      950,
      957,
      965,
      967,
      968,
      972,
      980,
      982,
      983,
      984,
      987,
      990,
      991,
      994,
      996,
      997,
      998,
      1019,
      1020,
      1024,
      1025,
      1026,
      1027,
      1028,
      1029,
      1030,
      1031,
      1032,
      1033,
      1034,
      1035,
      1036,
      1039,
      1040,
      1042,
      1043,
      1044,
      1045,
      1050,
      1051,
      1052,
      1053,
      1054,
      1055,
      1056,
      1057,
      1058,
      1059,
      1060,
      1061,
      1062,
      1064,
      1065,
      1066,
      1067,
      1068,
      1071,
      1072,
      1074,
      1075,
      1076,
      1145,
      1146,
      1147,
      1149,
      1150,
      1151,
      1152,
      1153,
      1154,
      1155,
      1156,
      1157,
      1158,
      1159,
      1163,
      1164,
      1165,
      1166,
      1167,
      1169,
      1171,
      1172,
      1173,
      1174,
      1175,
      1176,
      1177,
      1178,
      1179,
      1180,
      1181,
      1182,
      1183,
      1185,
      1187,
      1189,
      1190,
      1192,
      1193,
      1194,
      1195,
      1198,
      1202,
      1205,
      1206,
      1207,
      1208,
      1210,
      1211,
      1212,
      1213,
      1214,
      1216,
      1217,
      1218,
      1219,
      1220,
      1223,
      1224,
      1225,
      1228,
      1229,
      1230,
      1231,
      1232,
      1234,
      1235,
      1237,
      1238,
      1239,
      1241,
      1242,
      1243,
      1244,
      1251,
      1253,
      1255,
      1258,
      1262,
      1263,
      1264,
      1270,
      1272,
      1273,
      1274,
      1275,
      1277,
      1290,
      1293,
      1299,
      1302,
      1309,
      1311,
      1312,
      1313,
      1314,
      1316,
      1318,
      1319,
      1325,
      1327,
      1329,
      1330,
      1331,
      1332,
      1333,
      1334,
      1335,
      1336,
      1337,
      1340,
      1341,
      1342,
      1344,
      1345,
      1347,
      1350,
      1351,
      1352,
      1355,
      1358,
      1360,
      1362,
      1363,
      1369,
      1374,
      1375,
      1380,
      1383,
      1384,
      1387,
      1389,
      1392,
      1394,
      1395,
      1396,
      1397,
      1398,
      1399,
      1400,
      1404,
      1405,
      1407,
      1408,
      1409,
      1410,
      1412,
      1413,
      1415,
      1416,
      1418,
      1419,
      1420,
      1421,
      1424,
      1426,
      1428,
      1431,
      1433,
      1434,
      1435,
      1436,
      1438,
      1439,
      1440,
      1441,
      1442,
      1443,
      1444,
      1445,
      1446,
      1453,
      1459,
      1467,
      1468,
      1469,
      1470,
      1471,
      1473,
      1474,
      1476,
      1477,
      1478,
      1479,
      1482,
      1483,
      1484,
      1485,
      1486,
      1487,
      1489,
      1490,
      1491,
      1492,
      1497,
      1498,
      1500,
      1505,
      1506,
      1507,
      1508,
      1509,
      1510,
      1511,
      1512,
      1513,
      1515,
      1519,
      1520,
      1521,
      1522,
      1523,
      1524,
      1525,
      1526,
      1528,
      1530,
      1532,
      1534,
      1535,
      1536,
      1537,
      1538,
      1539,
      1540,
      1541,
      1542,
      1543,
      1544,
      1545,
      1546,
      1547,
      1548,
      1549,
      1552,
      1555,
      1562,
      1564,
      1565,
      1568,
      1569,
      1570,
      1571,
      1575,
      1576,
      1577,
      1578,
      1579,
      1580,
      1581,
      1583,
      1586,
      1590,
      1602,
      1604,
      1607,
      1608,
      1609,
      1610,
      1611,
      1612,
      1613,
      1616,
      1617,
      1621,
      1624,
      1627,
      1628,
      1631,
      1633,
      1636,
      1643,
      1644,
      1645,
      1646,
      1647,
      1648,
      1649,
      1651,
      1653,
      1654,
      1657,
      1660,
      1662,
      1664,
      1665,
      1669,
      1670,
      1671,
      1672,
      1673,
      1674,
      1675,
      1678,
      1679,
      1680,
      1684,
      1694,
      1698,
      1705
    ],
    "firstMentionSnippet": null,
    "createdAt": "2026-09-23T07:32:48.197Z",
    "updatedAt": "2026-09-23T07:32:48.197Z",
    "stableKey": "n:唐门",
    "reviewSource": "AI",
    "lockedFields": [],
    "version": 1,
    "missingFromLatestRun": false,
    "archivedAt": null,
    "lastSeenExtractionSessionId": null
  },
  {
    "id": "0d675d77-fe94-480d-8813-ec9a1ca455fc",
    "bookId": "eb35e853-2574-49d6-9436-09538abe2acb",
    "name": "初级学院",
    "aliases": [],
    "description": "唐舞麟回忆中曾经历打架的学院，他提到在初级学院时无论为了娜儿还是为了自己都打过架",
    "confidence": 0.523,
    "status": "PENDING",
    "chapterRef": "第12章",
    "importanceScore": 0.119,
    "tier": "candidate",
    "storyScore": 1,
    "productionScore": 0,
    "pillarCausal": 1,
    "pillarUniqueness": 0,
    "pillarTransition": 0,
    "mentionCount": 18,
    "firstChapter": 12,
    "lastChapter": 1391,
    "chapterAppearances": [
      12,
      24,
      32,
      34,
      35,
      36,
      56,
      57,
      60,
      61,
      64,
      65,
      174,
      1391
    ],
    "firstMentionSnippet": "第12章：…阶魂师了。当然，前提是拥有一个属于自己的魂灵。 三年时间，初级学院的学业他们已经即将完成，到了中级学院，魂师就会被专门区分出来…",
    "createdAt": "2026-09-23T07:32:48.332Z",
    "updatedAt": "2026-09-23T07:32:48.332Z",
    "stableKey": "n:初级学院",
    "reviewSource": "AI",
    "lockedFields": [],
    "version": 1,
    "missingFromLatestRun": false,
    "archivedAt": null,
    "lastSeenExtractionSessionId": null
  },
  {
    "id": "131c9a6a-88f6-41fd-aefe-488a3c73e0eb",
    "bookId": "eb35e853-2574-49d6-9436-09538abe2acb",
    "name": "傲来城海边沙滩",
    "aliases": [
      "海边",
      "沙滩"
    ],
    "description": "唐舞麟家平民区出门走十几分钟可见的沙滩，沙砾多碎石和死贝壳；唐舞麟突破十级当晚陪娜儿来看星空大海，娜儿走后唐舞麟也曾沿海岸线寻找",
    "confidence": 0.64,
    "status": "PENDING",
    "chapterRef": "第15章",
    "importanceScore": 0.119,
    "tier": "candidate",
    "storyScore": 1,
    "productionScore": 0,
    "pillarCausal": 1,
    "pillarUniqueness": 0,
    "pillarTransition": 0,
    "mentionCount": 25,
    "firstChapter": 15,
    "lastChapter": 1509,
    "chapterAppearances": [
      15,
      24,
      191,
      196,
      201,
      476,
      650,
      668,
      680,
      1002,
      1012,
      1050,
      1051,
      1052,
      1053,
      1194,
      1509
    ],
    "firstMentionSnippet": null,
    "createdAt": "2026-09-23T07:32:48.321Z",
    "updatedAt": "2026-09-23T07:32:48.321Z",
    "stableKey": "n:傲来城海边沙滩",
    "reviewSource": "AI",
    "lockedFields": [],
    "version": 1,
    "missingFromLatestRun": false,
    "archivedAt": null,
    "lastSeenExtractionSessionId": null
  },
  {
    "id": "140785f8-4ff0-4fe3-9a92-d6a944d82c15",
    "bookId": "eb35e853-2574-49d6-9436-09538abe2acb",
    "name": "戴云儿的闺房",
    "aliases": [],
    "description": "星罗帝国皇宫中华丽的大房间，超过三百平方米，以粉色与金色装饰，内置带有银色符文的大床与纱幔，是戴云儿计划将唐舞麟传送至此的地方",
    "confidence": 0.396,
    "status": "PENDING",
    "chapterRef": "第1章",
    "importanceScore": 0.119,
    "tier": "candidate",
    "storyScore": 1,
    "productionScore": 0,
    "pillarCausal": 1,
    "pillarUniqueness": 0,
    "pillarTransition": 0,
    "mentionCount": 1,
    "firstChapter": 1,
    "lastChapter": 1,
    "chapterAppearances": [
      1
    ],
    "firstMentionSnippet": null,
    "createdAt": "2026-09-23T07:32:48.358Z",
    "updatedAt": "2026-09-23T07:32:48.358Z",
    "stableKey": "n:戴云儿的闺房",
    "reviewSource": "AI",
    "lockedFields": [],
    "version": 1,
    "missingFromLatestRun": false,
    "archivedAt": null,
    "lastSeenExtractionSessionId": null
  },
  {
    "id": "152a423b-792a-44c3-86a8-83bbcc06326b",
    "bookId": "eb35e853-2574-49d6-9436-09538abe2acb",
    "name": "深海",
    "aliases": [],
    "description": "潜艇所在的海域，水压极大，能在此存活下来堪称非人类，唐舞麟与谢邂通过潜艇特殊装置在此完成爆破后返回",
    "confidence": 0.563,
    "status": "PENDING",
    "chapterRef": "第170章",
    "importanceScore": 0.119,
    "tier": "candidate",
    "storyScore": 1,
    "productionScore": 0,
    "pillarCausal": 1,
    "pillarUniqueness": 0,
    "pillarTransition": 0,
    "mentionCount": 98,
    "firstChapter": 170,
    "lastChapter": 1646,
    "chapterAppearances": [
      170,
      202,
      289,
      467,
      468,
      469,
      470,
      471,
      475,
      1046,
      1060,
      1196,
      1197,
      1198,
      1199,
      1200,
      1201,
      1202,
      1209,
      1312,
      1553,
      1556,
      1557,
      1560,
      1561,
      1564,
      1566,
      1568,
      1579,
      1608,
      1639,
      1646
    ],
    "firstMentionSnippet": null,
    "createdAt": "2026-09-23T07:32:48.242Z",
    "updatedAt": "2026-09-23T07:32:48.242Z",
    "stableKey": "n:深海",
    "reviewSource": "AI",
    "lockedFields": [],
    "version": 1,
    "missingFromLatestRun": false,
    "archivedAt": null,
    "lastSeenExtractionSessionId": null
  },
  {
    "id": "172462f5-e69c-4eda-80be-f98ddc06c301",
    "bookId": "eb35e853-2574-49d6-9436-09538abe2acb",
    "name": "教室",
    "aliases": [],
    "description": "零班上课与实战练习的场所，本章中学员按舞长空要求把课桌推到远处，空出中央区域进行实战",
    "confidence": 0.585,
    "status": "PENDING",
    "chapterRef": "第34章",
    "importanceScore": 0.119,
    "tier": "candidate",
    "storyScore": 1,
    "productionScore": 0,
    "pillarCausal": 1,
    "pillarUniqueness": 0,
    "pillarTransition": 0,
    "mentionCount": 45,
    "firstChapter": 34,
    "lastChapter": 1620,
    "chapterAppearances": [
      34,
      45,
      109,
      110,
      111,
      112,
      113,
      121,
      133,
      151,
      154,
      296,
      297,
      308,
      324,
      325,
      330,
      341,
      354,
      377,
      378,
      379,
      380,
      383,
      396,
      412,
      795,
      869,
      1589,
      1620
    ],
    "firstMentionSnippet": null,
    "createdAt": "2026-09-23T07:32:48.276Z",
    "updatedAt": "2026-09-23T07:32:48.276Z",
    "stableKey": "n:教室",
    "reviewSource": "AI",
    "lockedFields": [],
    "version": 1,
    "missingFromLatestRun": false,
    "archivedAt": null,
    "lastSeenExtractionSessionId": null
  },
  {
    "id": "1ad35587-eeef-405c-a6d7-f9fc47c192c0",
    "bookId": "eb35e853-2574-49d6-9436-09538abe2acb",
    "name": "邙天的锻造室",
    "aliases": [],
    "description": "邙天教导唐舞麟锻造的工作场所，内有锻造台，唐舞麟在此完成千锻并锻造出千锻沉银锤",
    "confidence": 0.306,
    "status": "PENDING",
    "chapterRef": "第30章",
    "importanceScore": 0.119,
    "tier": "candidate",
    "storyScore": 1,
    "productionScore": 0,
    "pillarCausal": 1,
    "pillarUniqueness": 0,
    "pillarTransition": 0,
    "mentionCount": 1,
    "firstChapter": 30,
    "lastChapter": 30,
    "chapterAppearances": [
      30
    ],
    "firstMentionSnippet": null,
    "createdAt": "2026-09-23T07:32:48.360Z",
    "updatedAt": "2026-09-23T07:32:48.360Z",
    "stableKey": "n:邙天的锻造室",
    "reviewSource": "AI",
    "lockedFields": [],
    "version": 1,
    "missingFromLatestRun": false,
    "archivedAt": null,
    "lastSeenExtractionSessionId": null
  },
  {
    "id": "274ac939-0db8-48d8-a0dc-a7378f69fa5e",
    "bookId": "eb35e853-2574-49d6-9436-09538abe2acb",
    "name": "傲来城",
    "aliases": [],
    "description": "日月联邦东海岸的滨海小城，毗邻大海，唐舞麟一家居住的平民区所在地，规模不大，没有魂师中级学院；唐舞麟一家居住的临海小城，实际更像较大的村镇，没有城墙，平民区离海很近；城中心坐落最低等级的三层传灵塔，红山学院也在这里；唐舞麟原本生活的城市；唐舞麟的家乡城市，红山初级学院所在地；唐舞麟将其与东海学院所在大城市的忙碌和钢铁氛围作比较；唐舞麟的家乡小城，他在此用了三年赚三万联邦币，觉得整个城市都很轻松；唐舞麟的籍贯之地；邙天常年所在的偏僻城市，被岑岳称为'鸟不拉屎的地方'；唐舞麟家乡所在的城市，规模远小于东海城，唐舞麟曾在家乡小公园感受蓝银草气息突破十级",
    "confidence": 0.744,
    "status": "PENDING",
    "chapterRef": "第1章",
    "importanceScore": 0.119,
    "tier": "candidate",
    "storyScore": 1,
    "productionScore": 0,
    "pillarCausal": 1,
    "pillarUniqueness": 0,
    "pillarTransition": 0,
    "mentionCount": 35,
    "firstChapter": 1,
    "lastChapter": 335,
    "chapterAppearances": [
      1,
      2,
      3,
      4,
      5,
      6,
      7,
      8,
      9,
      12,
      13,
      15,
      16,
      24,
      25,
      33,
      35,
      39,
      40,
      41,
      44,
      47,
      91,
      92,
      122,
      123,
      160,
      191,
      205,
      223,
      246,
      255,
      303,
      335
    ],
    "firstMentionSnippet": "第1章：…－－－－－－－－－－－－－－－－－－－－－－－－－－－－ 傲来城是日月联邦东海岸的一座滨海小城，毗邻大海。 今天城里分外热…",
    "createdAt": "2026-09-23T07:32:48.306Z",
    "updatedAt": "2026-09-23T07:32:48.306Z",
    "stableKey": "n:傲来城",
    "reviewSource": "AI",
    "lockedFields": [],
    "version": 1,
    "missingFromLatestRun": false,
    "archivedAt": null,
    "lastSeenExtractionSessionId": null
  },
  {
    "id": "285f5413-7826-4e8c-90e7-27e0737c7f2e",
    "bookId": "eb35e853-2574-49d6-9436-09538abe2acb",
    "name": "觉醒室",
    "aliases": [],
    "description": "圆形教学楼内专用于武魂觉醒的场所，地面、墙壁与房顶铭刻着奇妙瑰丽的花纹，共七层，唐舞麟在三层觉醒室完成武魂觉醒",
    "confidence": 0.528,
    "status": "PENDING",
    "chapterRef": "第1章",
    "importanceScore": 0.119,
    "tier": "candidate",
    "storyScore": 1,
    "productionScore": 0,
    "pillarCausal": 1,
    "pillarUniqueness": 0,
    "pillarTransition": 0,
    "mentionCount": 10,
    "firstChapter": 1,
    "lastChapter": 3,
    "chapterAppearances": [
      1,
      2,
      3
    ],
    "firstMentionSnippet": "第1章：…出一丝怅然和回忆。这种圆形建筑在任何初等学院都会有，它也叫做觉醒室，是专门用来帮助六岁的孩子们进行武魂觉醒的，每到觉醒日的时候…",
    "createdAt": "2026-09-23T07:32:48.346Z",
    "updatedAt": "2026-09-23T07:32:48.346Z",
    "stableKey": "n:觉醒室",
    "reviewSource": "AI",
    "lockedFields": [],
    "version": 1,
    "missingFromLatestRun": false,
    "archivedAt": null,
    "lastSeenExtractionSessionId": null
  },
  {
    "id": "328d96b3-7975-475f-9822-157f236e98b9",
    "bookId": "eb35e853-2574-49d6-9436-09538abe2acb",
    "name": "小位面",
    "aliases": [],
    "description": "千古丈亭的父亲生前探察过的小位面，该位面后来整体崩溃并导致其死亡",
    "confidence": 0.558,
    "status": "PENDING",
    "chapterRef": "第1272章",
    "importanceScore": 0.119,
    "tier": "candidate",
    "storyScore": 1,
    "productionScore": 0,
    "pillarCausal": 1,
    "pillarUniqueness": 0,
    "pillarTransition": 0,
    "mentionCount": 25,
    "firstChapter": 1272,
    "lastChapter": 1649,
    "chapterAppearances": [
      1272,
      1277,
      1282,
      1313,
      1314,
      1329,
      1351,
      1352,
      1353,
      1397,
      1405,
      1649
    ],
    "firstMentionSnippet": "第1272章：…然,暗想,如果我儿子还活着该多好。 千古丈亭的父亲在一次探察小位面的过程中丧命了,当时整个位面都崩溃 了,无论千古东风自身实力…",
    "createdAt": "2026-09-23T07:32:48.325Z",
    "updatedAt": "2026-09-23T07:32:48.325Z",
    "stableKey": "n:小位面",
    "reviewSource": "AI",
    "lockedFields": [],
    "version": 1,
    "missingFromLatestRun": false,
    "archivedAt": null,
    "lastSeenExtractionSessionId": null
  },
  {
    "id": "333728fd-84f3-4f91-a4e5-43b893cf4000",
    "bookId": "eb35e853-2574-49d6-9436-09538abe2acb",
    "name": "大海",
    "aliases": [
      "海面",
      "大海上"
    ],
    "description": "联邦舰队与唐舞麟所在的风暴海域；暴风雨持续六小时，波涛汹涌，紫金色雷球落入后令方圆千米海水化为紫金色，唐舞麟身处雷霆地狱核心；联邦三大舰队与星罗帝国交战的战场，陈新杰自认为在其中战力最强，但超级暴风雨与红色炮弹都改变了战局；一望无际的海上空间，是唐舞麟作为海神之子得到庇护的地方，也是他演练蓝皇森罗雷狱与雷神之鞭、震慑谢邂等人的场景；唐舞麟等人返航途中的实战试炼场，潜艇几乎每天上浮送众人到海面切磋，距离斗罗大陆越近修行越密集",
    "confidence": 0.676,
    "status": "PENDING",
    "chapterRef": "第1章",
    "importanceScore": 0.119,
    "tier": "candidate",
    "storyScore": 1,
    "productionScore": 0,
    "pillarCausal": 1,
    "pillarUniqueness": 0,
    "pillarTransition": 0,
    "mentionCount": 634,
    "firstChapter": 1,
    "lastChapter": 1699,
    "chapterAppearances": [
      1,
      15,
      16,
      28,
      167,
      196,
      197,
      198,
      199,
      245,
      362,
      466,
      467,
      468,
      469,
      470,
      471,
      472,
      473,
      474,
      475,
      476,
      477,
      478,
      480,
      483,
      495,
      514,
      550,
      558,
      566,
      594,
      616,
      618,
      650,
      651,
      658,
      665,
      668,
      674,
      676,
      677,
      678,
      679,
      680,
      682,
      694,
      696,
      699,
      700,
      702,
      743,
      745,
      967,
      1050,
      1052,
      1053,
      1055,
      1058,
      1060,
      1061,
      1075,
      1176,
      1184,
      1194,
      1195,
      1196,
      1197,
      1198,
      1199,
      1200,
      1201,
      1202,
      1203,
      1204,
      1205,
      1206,
      1207,
      1208,
      1209,
      1211,
      1212,
      1213,
      1214,
      1215,
      1216,
      1217,
      1232,
      1255,
      1286,
      1292,
      1307,
      1318,
      1333,
      1363,
      1414,
      1461,
      1462,
      1500,
      1508,
      1510,
      1513,
      1517,
      1526,
      1537,
      1546,
      1550,
      1551,
      1553,
      1554,
      1555,
      1556,
      1557,
      1558,
      1559,
      1560,
      1561,
      1564,
      1566,
      1567,
      1568,
      1569,
      1570,
      1574,
      1575,
      1577,
      1578,
      1580,
      1581,
      1583,
      1587,
      1589,
      1594,
      1608,
      1613,
      1637,
      1638,
      1639,
      1642,
      1643,
      1645,
      1646,
      1647,
      1648,
      1649,
      1653,
      1654,
      1655,
      1657,
      1658,
      1662,
      1674,
      1676,
      1698,
      1699
    ],
    "firstMentionSnippet": "第466章：…湿润的空气,抬头看天. 今天天气不太好,没有星月光辉的照耀,大海上漆黑一片,只能隐约听见有海浪声传来. 外面的世界果然不同啊!…",
    "createdAt": "2026-09-23T07:32:48.211Z",
    "updatedAt": "2026-09-23T07:32:48.211Z",
    "stableKey": "n:大海",
    "reviewSource": "AI",
    "lockedFields": [],
    "version": 1,
    "missingFromLatestRun": false,
    "archivedAt": null,
    "lastSeenExtractionSessionId": null
  },
  {
    "id": "333b0c07-bae1-4478-bb63-b664fd1c9abc",
    "bookId": "eb35e853-2574-49d6-9436-09538abe2acb",
    "name": "唐舞麟的家",
    "aliases": [],
    "description": "位于傲来城平民区的小居所，十几平米的客厅加上不大的厨房、卫生间和两个不足十平米的房间，温馨和睦的平民之家",
    "confidence": 0.496,
    "status": "PENDING",
    "chapterRef": "第3章",
    "importanceScore": 0.119,
    "tier": "candidate",
    "storyScore": 1,
    "productionScore": 0,
    "pillarCausal": 1,
    "pillarUniqueness": 0,
    "pillarTransition": 0,
    "mentionCount": 9,
    "firstChapter": 3,
    "lastChapter": 13,
    "chapterAppearances": [
      3,
      4,
      5,
      7,
      8,
      9,
      10,
      11,
      12,
      13
    ],
    "firstMentionSnippet": "第3章：…关于唐门创派先祖唐三的故事吗？他可就是蓝银草武魂啊……” 唐舞麟的家，在傲来城平民区，父亲唐孜然是一位机甲修理师，专门修理一些简…",
    "createdAt": "2026-09-23T07:32:48.348Z",
    "updatedAt": "2026-09-23T07:32:48.348Z",
    "stableKey": "n:唐舞麟的家",
    "reviewSource": "AI",
    "lockedFields": [],
    "version": 1,
    "missingFromLatestRun": false,
    "archivedAt": null,
    "lastSeenExtractionSessionId": null
  },
  {
    "id": "389b6d43-dbf8-43f6-987a-03b9dec51b1a",
    "bookId": "eb35e853-2574-49d6-9436-09538abe2acb",
    "name": "东海魂导车站",
    "aliases": [
      "东海城魂导列车站",
      "东海魂导列车站"
    ],
    "description": "东海城的魂导列车站，站上方有“东海魂导车站”大字，顶棚由许多铸造金属管拼接而成，是唐舞麟抵达东海城后走出的场所",
    "confidence": 0.502,
    "status": "PENDING",
    "chapterRef": "第33章",
    "importanceScore": 0.119,
    "tier": "candidate",
    "storyScore": 1,
    "productionScore": 0,
    "pillarCausal": 1,
    "pillarUniqueness": 0,
    "pillarTransition": 0,
    "mentionCount": 5,
    "firstChapter": 33,
    "lastChapter": 1050,
    "chapterAppearances": [
      33,
      161,
      246,
      1050
    ],
    "firstMentionSnippet": "第33章：…感总算是消失了。 回头看去，只见背后的车站上方有几个大字，东海魂导车站。 看着这巨大的建筑，唐舞麟不禁暗暗赞叹，单是这个车站，就…",
    "createdAt": "2026-09-23T07:32:48.352Z",
    "updatedAt": "2026-09-23T07:32:48.352Z",
    "stableKey": "n:东海魂导车站",
    "reviewSource": "AI",
    "lockedFields": [],
    "version": 1,
    "missingFromLatestRun": false,
    "archivedAt": null,
    "lastSeenExtractionSessionId": null
  },
  {
    "id": "3a5c2432-0eda-4bec-86b5-4e5c366cf768",
    "bookId": "eb35e853-2574-49d6-9436-09538abe2acb",
    "name": "锻造室",
    "aliases": [
      "唐舞麟的锻造室",
      "锻造师内"
    ],
    "description": "唐舞麟学习锻造并尝试千锻的场所，内有锻造台和锻造炉；邙天在这里将沉银交给他进行千锻练习；邙天与唐舞麟进行锻造工作的室内场所，本章中的试锤、沉银加热和持续锻打都在这里进行；邙天所在的锻造场所，内有炉火，本章唐舞麟在此历时五小时完成千锻沉银，唐孜然在门外目睹儿子锻造",
    "confidence": 0.656,
    "status": "PENDING",
    "chapterRef": "第13章",
    "importanceScore": 0.119,
    "tier": "candidate",
    "storyScore": 1,
    "productionScore": 0,
    "pillarCausal": 1,
    "pillarUniqueness": 0,
    "pillarTransition": 0,
    "mentionCount": 80,
    "firstChapter": 13,
    "lastChapter": 1484,
    "chapterAppearances": [
      13,
      25,
      26,
      27,
      28,
      29,
      39,
      41,
      42,
      43,
      58,
      59,
      71,
      94,
      96,
      189,
      301,
      302,
      303,
      326,
      327,
      335,
      337,
      340,
      345,
      346,
      348,
      374,
      375,
      379,
      381,
      382,
      383,
      477,
      634,
      635,
      727,
      728,
      985,
      1033,
      1351,
      1484
    ],
    "firstMentionSnippet": "第13章：…交付的任务。干的越多、越好，收入就越高。 唐舞麟来到自己的锻造室，和外面脏乱的客厅不同，他这里非常整洁，都是他自己收拾的。…",
    "createdAt": "2026-09-23T07:32:48.259Z",
    "updatedAt": "2026-09-23T07:32:48.259Z",
    "stableKey": "n:锻造室",
    "reviewSource": "AI",
    "lockedFields": [],
    "version": 1,
    "missingFromLatestRun": false,
    "archivedAt": null,
    "lastSeenExtractionSessionId": null
  },
  {
    "id": "43406cfc-c945-4ea4-8535-e69e5f162c0d",
    "bookId": "eb35e853-2574-49d6-9436-09538abe2acb",
    "name": "魂师协会",
    "aliases": [],
    "description": "与锻造师协会相距不远的机构，唐舞麟以一环魂师身份只能进入一层，出示魂环登记注册并领取一千联邦币补助",
    "confidence": 0.578,
    "status": "PENDING",
    "chapterRef": "第60章",
    "importanceScore": 0.119,
    "tier": "candidate",
    "storyScore": 1,
    "productionScore": 0,
    "pillarCausal": 1,
    "pillarUniqueness": 0,
    "pillarTransition": 0,
    "mentionCount": 6,
    "firstChapter": 60,
    "lastChapter": 1275,
    "chapterAppearances": [
      60,
      1275
    ],
    "firstMentionSnippet": "第60章：…，自己还有件事没有办。 他不只是锻造师，同时也是魂师啊！到魂师协会注册登记，他现在这级别，还能够每个月领取一千联邦币的补助呢。…",
    "createdAt": "2026-09-23T07:32:48.350Z",
    "updatedAt": "2026-09-23T07:32:48.350Z",
    "stableKey": "n:魂师协会",
    "reviewSource": "AI",
    "lockedFields": [],
    "version": 1,
    "missingFromLatestRun": false,
    "archivedAt": null,
    "lastSeenExtractionSessionId": null
  },
  {
    "id": "4a5652b8-6c74-47a7-94ed-c3af7276f1d5",
    "bookId": "eb35e853-2574-49d6-9436-09538abe2acb",
    "name": "学院",
    "aliases": [],
    "description": "唐舞麟就读的学院，他评测后返回此处，在宿舍冥想、与谢邂约战，次日清晨在学院食堂用餐并参加开学典礼",
    "confidence": 0.865,
    "status": "PENDING",
    "chapterRef": "第1章",
    "importanceScore": 0.119,
    "tier": "candidate",
    "storyScore": 1,
    "productionScore": 0,
    "pillarCausal": 1,
    "pillarUniqueness": 0,
    "pillarTransition": 0,
    "mentionCount": 6589,
    "firstChapter": 1,
    "lastChapter": 1705,
    "chapterAppearances": [
      1,
      2,
      3,
      4,
      5,
      7,
      9,
      12,
      13,
      15,
      16,
      17,
      18,
      24,
      25,
      28,
      30,
      32,
      33,
      34,
      35,
      36,
      37,
      38,
      39,
      40,
      42,
      44,
      45,
      46,
      47,
      48,
      49,
      51,
      55,
      56,
      57,
      58,
      60,
      61,
      62,
      64,
      65,
      66,
      67,
      70,
      71,
      72,
      74,
      75,
      77,
      78,
      79,
      80,
      82,
      83,
      84,
      85,
      86,
      89,
      90,
      91,
      92,
      93,
      94,
      95,
      96,
      99,
      100,
      101,
      106,
      107,
      109,
      110,
      111,
      113,
      114,
      116,
      117,
      118,
      120,
      121,
      122,
      130,
      131,
      132,
      134,
      135,
      136,
      137,
      138,
      139,
      144,
      149,
      150,
      151,
      152,
      153,
      154,
      155,
      156,
      159,
      160,
      161,
      164,
      170,
      174,
      181,
      182,
      183,
      184,
      185,
      187,
      190,
      191,
      193,
      194,
      195,
      196,
      198,
      199,
      200,
      201,
      202,
      204,
      205,
      206,
      207,
      211,
      212,
      213,
      214,
      215,
      216,
      217,
      218,
      219,
      220,
      221,
      222,
      223,
      226,
      227,
      228,
      229,
      230,
      231,
      232,
      233,
      244,
      245,
      246,
      247,
      248,
      249,
      251,
      252,
      253,
      254,
      255,
      256,
      257,
      259,
      262,
      263,
      264,
      265,
      266,
      267,
      268,
      270,
      271,
      272,
      273,
      274,
      275,
      278,
      280,
      281,
      282,
      284,
      285,
      287,
      288,
      289,
      290,
      291,
      292,
      293,
      294,
      295,
      296,
      297,
      298,
      299,
      301,
      302,
      303,
      304,
      305,
      306,
      307,
      308,
      309,
      311,
      313,
      314,
      316,
      322,
      323,
      324,
      325,
      326,
      327,
      328,
      329,
      330,
      331,
      332,
      333,
      334,
      335,
      336,
      338,
      339,
      340,
      341,
      342,
      343,
      349,
      350,
      353,
      355,
      356,
      357,
      359,
      360,
      362,
      363,
      373,
      374,
      375,
      376,
      377,
      379,
      380,
      381,
      382,
      383,
      384,
      385,
      395,
      396,
      397,
      398,
      399,
      400,
      401,
      405,
      409,
      410,
      411,
      412,
      413,
      414,
      415,
      416,
      418,
      419,
      420,
      421,
      422,
      425,
      427,
      428,
      429,
      431,
      434,
      435,
      436,
      439,
      440,
      441,
      442,
      443,
      444,
      445,
      446,
      447,
      448,
      449,
      450,
      451,
      452,
      453,
      454,
      455,
      456,
      457,
      458,
      459,
      460,
      461,
      462,
      463,
      464,
      466,
      467,
      468,
      470,
      473,
      475,
      476,
      477,
      478,
      479,
      480,
      481,
      482,
      485,
      486,
      487,
      488,
      489,
      490,
      491,
      492,
      493,
      494,
      496,
      497,
      498,
      500,
      501,
      502,
      504,
      505,
      506,
      507,
      508,
      509,
      510,
      511,
      512,
      513,
      514,
      515,
      516,
      518,
      521,
      522,
      523,
      524,
      525,
      526,
      527,
      528,
      529,
      530,
      532,
      533,
      534,
      535,
      536,
      537,
      538,
      539,
      540,
      541,
      544,
      545,
      546,
      547,
      549,
      550,
      551,
      552,
      553,
      554,
      555,
      556,
      557,
      558,
      559,
      560,
      561,
      562,
      563,
      564,
      565,
      566,
      567,
      568,
      569,
      570,
      571,
      572,
      573,
      574,
      575,
      576,
      577,
      581,
      584,
      587,
      588,
      589,
      590,
      591,
      592,
      593,
      594,
      595,
      596,
      597,
      598,
      599,
      600,
      601,
      602,
      603,
      605,
      606,
      607,
      608,
      609,
      613,
      616,
      617,
      619,
      622,
      623,
      624,
      625,
      626,
      628,
      630,
      631,
      632,
      633,
      634,
      635,
      636,
      637,
      640,
      644,
      647,
      648,
      649,
      650,
      651,
      652,
      653,
      654,
      657,
      658,
      659,
      660,
      661,
      664,
      665,
      666,
      667,
      668,
      669,
      670,
      673,
      674,
      681,
      682,
      683,
      684,
      686,
      692,
      693,
      694,
      697,
      700,
      702,
      703,
      704,
      705,
      709,
      710,
      713,
      714,
      716,
      717,
      718,
      720,
      724,
      726,
      727,
      728,
      729,
      730,
      731,
      732,
      733,
      734,
      735,
      736,
      737,
      738,
      740,
      742,
      743,
      746,
      747,
      750,
      751,
      752,
      753,
      754,
      755,
      756,
      757,
      758,
      760,
      761,
      763,
      766,
      770,
      771,
      772,
      773,
      774,
      779,
      790,
      791,
      794,
      796,
      797,
      804,
      805,
      806,
      807,
      809,
      812,
      818,
      819,
      822,
      823,
      824,
      825,
      826,
      827,
      834,
      835,
      838,
      844,
      845,
      846,
      847,
      848,
      853,
      864,
      865,
      868,
      870,
      871,
      878,
      879,
      880,
      881,
      883,
      886,
      892,
      893,
      896,
      897,
      898,
      899,
      900,
      901,
      908,
      909,
      912,
      919,
      925,
      926,
      927,
      929,
      931,
      934,
      936,
      939,
      951,
      957,
      965,
      967,
      968,
      972,
      976,
      980,
      981,
      982,
      983,
      984,
      985,
      987,
      989,
      992,
      994,
      995,
      996,
      997,
      998,
      1003,
      1005,
      1010,
      1011,
      1012,
      1014,
      1015,
      1016,
      1017,
      1018,
      1019,
      1020,
      1021,
      1022,
      1023,
      1024,
      1025,
      1026,
      1027,
      1028,
      1029,
      1030,
      1031,
      1032,
      1033,
      1034,
      1035,
      1036,
      1037,
      1039,
      1040,
      1041,
      1042,
      1043,
      1044,
      1045,
      1050,
      1051,
      1052,
      1053,
      1054,
      1055,
      1056,
      1057,
      1058,
      1059,
      1060,
      1062,
      1064,
      1068,
      1071,
      1073,
      1074,
      1075,
      1145,
      1146,
      1149,
      1150,
      1152,
      1153,
      1155,
      1158,
      1159,
      1160,
      1162,
      1165,
      1166,
      1167,
      1169,
      1170,
      1171,
      1172,
      1176,
      1177,
      1178,
      1181,
      1182,
      1184,
      1185,
      1186,
      1190,
      1192,
      1193,
      1194,
      1195,
      1202,
      1206,
      1208,
      1210,
      1211,
      1214,
      1215,
      1216,
      1217,
      1218,
      1219,
      1220,
      1221,
      1222,
      1223,
      1224,
      1225,
      1226,
      1227,
      1228,
      1229,
      1230,
      1231,
      1232,
      1233,
      1234,
      1235,
      1236,
      1237,
      1238,
      1239,
      1240,
      1241,
      1242,
      1243,
      1244,
      1246,
      1251,
      1253,
      1255,
      1258,
      1260,
      1261,
      1262,
      1264,
      1266,
      1270,
      1272,
      1274,
      1275,
      1277,
      1280,
      1298,
      1299,
      1300,
      1310,
      1311,
      1312,
      1314,
      1317,
      1318,
      1319,
      1325,
      1330,
      1331,
      1332,
      1333,
      1334,
      1335,
      1336,
      1337,
      1340,
      1341,
      1342,
      1345,
      1346,
      1350,
      1351,
      1352,
      1353,
      1354,
      1355,
      1356,
      1357,
      1358,
      1359,
      1360,
      1361,
      1362,
      1363,
      1364,
      1366,
      1367,
      1368,
      1370,
      1371,
      1373,
      1374,
      1375,
      1376,
      1378,
      1379,
      1380,
      1381,
      1383,
      1384,
      1385,
      1386,
      1387,
      1388,
      1389,
      1390,
      1391,
      1392,
      1393,
      1394,
      1395,
      1396,
      1397,
      1398,
      1399,
      1400,
      1401,
      1402,
      1403,
      1404,
      1405,
      1406,
      1407,
      1408,
      1409,
      1410,
      1412,
      1413,
      1414,
      1415,
      1416,
      1418,
      1419,
      1420,
      1424,
      1426,
      1427,
      1428,
      1429,
      1430,
      1431,
      1432,
      1434,
      1435,
      1436,
      1437,
      1438,
      1439,
      1440,
      1441,
      1442,
      1444,
      1445,
      1446,
      1447,
      1449,
      1450,
      1451,
      1452,
      1453,
      1454,
      1455,
      1456,
      1458,
      1460,
      1461,
      1467,
      1468,
      1469,
      1470,
      1471,
      1473,
      1474,
      1475,
      1476,
      1478,
      1482,
      1483,
      1484,
      1485,
      1486,
      1487,
      1488,
      1489,
      1490,
      1491,
      1492,
      1496,
      1497,
      1500,
      1503,
      1504,
      1505,
      1506,
      1507,
      1508,
      1509,
      1510,
      1511,
      1512,
      1513,
      1518,
      1519,
      1520,
      1521,
      1522,
      1523,
      1524,
      1525,
      1526,
      1528,
      1530,
      1532,
      1533,
      1534,
      1535,
      1536,
      1537,
      1538,
      1539,
      1540,
      1541,
      1542,
      1543,
      1544,
      1545,
      1546,
      1547,
      1548,
      1549,
      1555,
      1562,
      1563,
      1569,
      1570,
      1571,
      1576,
      1577,
      1578,
      1579,
      1580,
      1581,
      1586,
      1588,
      1589,
      1590,
      1595,
      1598,
      1599,
      1600,
      1601,
      1604,
      1605,
      1607,
      1609,
      1610,
      1611,
      1612,
      1613,
      1616,
      1617,
      1620,
      1621,
      1622,
      1623,
      1624,
      1625,
      1627,
      1628,
      1629,
      1630,
      1631,
      1633,
      1636,
      1644,
      1645,
      1646,
      1647,
      1648,
      1649,
      1650,
      1651,
      1653,
      1655,
      1656,
      1657,
      1659,
      1660,
      1661,
      1662,
      1663,
      1664,
      1665,
      1666,
      1668,
      1669,
      1670,
      1671,
      1672,
      1673,
      1674,
      1675,
      1678,
      1679,
      1680,
      1681,
      1684,
      1690,
      1691,
      1693,
      1694,
      1695,
      1696,
      1697,
      1698,
      1700,
      1701,
      1705
    ],
    "firstMentionSnippet": null,
    "createdAt": "2026-09-23T07:32:48.191Z",
    "updatedAt": "2026-09-23T07:32:48.191Z",
    "stableKey": "n:学院",
    "reviewSource": "AI",
    "lockedFields": [],
    "version": 1,
    "missingFromLatestRun": false,
    "archivedAt": null,
    "lastSeenExtractionSessionId": null
  },
  {
    "id": "4f6273de-8a64-49ab-b545-da9334486033",
    "bookId": "eb35e853-2574-49d6-9436-09538abe2acb",
    "name": "红山学院",
    "aliases": [],
    "description": "傲来城的初等综合学院，可容纳两千名学员，建筑风格古朴、白顶红墙，设有魂师班，唐舞麟在此觉醒武魂并学习三年；唐舞麟就读的初级学院，位于傲来城；能在初级学院期间成为魂师的学员可被保送中级学院，唐舞麟在这里完成魂力测试并结束初级学院生涯",
    "confidence": 0.715,
    "status": "PENDING",
    "chapterRef": "第1章",
    "importanceScore": 0.119,
    "tier": "candidate",
    "storyScore": 1,
    "productionScore": 0,
    "pillarCausal": 1,
    "pillarUniqueness": 0,
    "pillarTransition": 0,
    "mentionCount": 16,
    "firstChapter": 1,
    "lastChapter": 34,
    "chapterAppearances": [
      1,
      2,
      3,
      4,
      5,
      6,
      7,
      12,
      13,
      24,
      34
    ],
    "firstMentionSnippet": "第1章：…出现魂力，那很可能会改变孩子的一生，甚至让整个家庭受益。 红山学院前的街道，今天一大早就已经是拥挤不堪，到处都是带着孩子前来参…",
    "createdAt": "2026-09-23T07:32:48.335Z",
    "updatedAt": "2026-09-23T07:32:48.335Z",
    "stableKey": "n:红山学院",
    "reviewSource": "AI",
    "lockedFields": [],
    "version": 1,
    "missingFromLatestRun": false,
    "archivedAt": null,
    "lastSeenExtractionSessionId": null
  },
  {
    "id": "5993f834-d3ad-43f0-8876-9d47fcfece92",
    "bookId": "eb35e853-2574-49d6-9436-09538abe2acb",
    "name": "星斗大森林",
    "aliases": [],
    "description": "曾经广袤的大森林，如今只剩最后一片净土，森林深处有濒临干涸的小湖，是残余魂兽最后的栖身之地，主上在此苏醒；曾经的大陆第一森林，因人类不断采伐如今只剩不到原本百分之一的面积，升灵台内模拟了其上古时代的原始森林景象；大陆上最大的原始森林，核心区生活着兽神帝天等强大凶兽，被传灵塔圈禁，外围有传灵塔防护罩。唐舞麟等人潜入其中寻找生命水晶，遭遇四大凶兽围攻，防护罩被时空旋涡撕破一个大洞；传灵塔在此设置了防护罩，唐舞麟坠落时下方即是该防护罩；唐舞麟与伙伴此前遭遇恐怖四大凶兽的森林区域，核心区存在帝天等顶尖魂兽；唐舞麟认为暂时不能再去，但未来达到对应层次后仍想前往；充满生机的魂兽大森林，拥有独特的气息，唐舞麟曾带伙伴们进入其中险死还生。传灵塔以它为原型将万兽台改造成类似其样貌的小空间，内部生活着青玉鸟、暗夜火猴、金发狮獒等已灭绝魂兽；被唐舞麟回忆提及的地点，银色爪子的主人曾能在星斗大森林中救下他的伙伴，因此其身份更让唐舞麟疑惑",
    "confidence": 0.751,
    "status": "PENDING",
    "chapterRef": "第0章",
    "importanceScore": 0.119,
    "tier": "candidate",
    "storyScore": 1,
    "productionScore": 0,
    "pillarCausal": 1,
    "pillarUniqueness": 0,
    "pillarTransition": 0,
    "mentionCount": 131,
    "firstChapter": 0,
    "lastChapter": 1705,
    "chapterAppearances": [
      0,
      1,
      123,
      164,
      169,
      170,
      174,
      237,
      257,
      276,
      277,
      280,
      460,
      737,
      738,
      742,
      743,
      746,
      747,
      749,
      750,
      751,
      1011,
      1223,
      1228,
      1229,
      1230,
      1231,
      1232,
      1233,
      1234,
      1235,
      1237,
      1238,
      1239,
      1261,
      1262,
      1263,
      1264,
      1272,
      1273,
      1313,
      1314,
      1337,
      1338,
      1344,
      1355,
      1406,
      1441,
      1442,
      1497,
      1506,
      1549,
      1550,
      1555,
      1663,
      1672,
      1674,
      1682,
      1683,
      1705
    ],
    "firstMentionSnippet": "第0章：…了吗？” 兽神苦涩的道：“人类的强大，已经令我们无法抗衡。星斗大森林，也只剩下最后这一片净土。” “是啊……”绿裙女子正想要继续…",
    "createdAt": "2026-09-23T07:32:48.239Z",
    "updatedAt": "2026-09-23T07:32:48.239Z",
    "stableKey": "n:星斗大森林",
    "reviewSource": "AI",
    "lockedFields": [],
    "version": 1,
    "missingFromLatestRun": false,
    "archivedAt": null,
    "lastSeenExtractionSessionId": null
  },
  {
    "id": "5dc16375-de32-4355-801e-2ca047369425",
    "bookId": "eb35e853-2574-49d6-9436-09538abe2acb",
    "name": "红山学院后小树林",
    "aliases": [
      "小树林"
    ],
    "description": "红山学院后面面积很大的小树林，是学生上自然课的地方，环境幽静少有人来；唐舞麟与万云超放学后在此切磋",
    "confidence": 0.622,
    "status": "PENDING",
    "chapterRef": "第24章",
    "importanceScore": 0.119,
    "tier": "candidate",
    "storyScore": 1,
    "productionScore": 0,
    "pillarCausal": 1,
    "pillarUniqueness": 0,
    "pillarTransition": 0,
    "mentionCount": 15,
    "firstChapter": 24,
    "lastChapter": 358,
    "chapterAppearances": [
      24,
      25,
      191,
      351,
      352,
      357,
      358
    ],
    "firstMentionSnippet": "第24章：…舞麟眼中闪过一丝怒光，“我不是懦夫，好，那我和你打。放学后，小树林。” 红山学院后面有一片小树林，面积很大，这是学生们平时上…",
    "createdAt": "2026-09-23T07:32:48.337Z",
    "updatedAt": "2026-09-23T07:32:48.337Z",
    "stableKey": "n:红山学院后小树林",
    "reviewSource": "AI",
    "lockedFields": [],
    "version": 1,
    "missingFromLatestRun": false,
    "archivedAt": null,
    "lastSeenExtractionSessionId": null
  },
  {
    "id": "6de435d0-2b8d-4da4-a7fb-10b9fda60431",
    "bookId": "eb35e853-2574-49d6-9436-09538abe2acb",
    "name": "锻造师协会天台",
    "aliases": [
      "天台"
    ],
    "description": "位于明都锻造师协会大楼七十八层楼顶，有两千平方米以上，巨大玻璃穹顶按母舰防护罩级别制造，需通过三道门禁进入，天气好时可眺望一百公里以内景象",
    "confidence": 0.684,
    "status": "PENDING",
    "chapterRef": "第280章",
    "importanceScore": 0.119,
    "tier": "candidate",
    "storyScore": 1,
    "productionScore": 0,
    "pillarCausal": 1,
    "pillarUniqueness": 0,
    "pillarTransition": 0,
    "mentionCount": 39,
    "firstChapter": 280,
    "lastChapter": 1416,
    "chapterAppearances": [
      280,
      1244,
      1245,
      1246,
      1247,
      1248,
      1250,
      1312,
      1351,
      1416
    ],
    "firstMentionSnippet": null,
    "createdAt": "2026-09-23T07:32:48.291Z",
    "updatedAt": "2026-09-23T07:32:48.291Z",
    "stableKey": "n:锻造师协会天台",
    "reviewSource": "AI",
    "lockedFields": [],
    "version": 1,
    "missingFromLatestRun": false,
    "archivedAt": null,
    "lastSeenExtractionSessionId": null
  },
  {
    "id": "6ea790ee-0a76-4b4b-9e8b-7318219cc9aa",
    "bookId": "eb35e853-2574-49d6-9436-09538abe2acb",
    "name": "拍卖场展示区",
    "aliases": [],
    "description": "东海博物馆左侧副楼，不需门票即可进入，共四层、楼宽两百米，分魂导器专区与非魂导器专区，展示各种拍品，灵果区有三百平米",
    "confidence": 0.499,
    "status": "PENDING",
    "chapterRef": "第89章",
    "importanceScore": 0.119,
    "tier": "candidate",
    "storyScore": 1,
    "productionScore": 0,
    "pillarCausal": 1,
    "pillarUniqueness": 0,
    "pillarTransition": 0,
    "mentionCount": 3,
    "firstChapter": 89,
    "lastChapter": 89,
    "chapterAppearances": [
      89
    ],
    "firstMentionSnippet": "第89章：…第八十九章 拍卖场展示区 －－－－－－－－－－－－－－－－－－－－－－－－－－－－…",
    "createdAt": "2026-09-23T07:32:48.354Z",
    "updatedAt": "2026-09-23T07:32:48.354Z",
    "stableKey": "n:拍卖场展示区",
    "reviewSource": "AI",
    "lockedFields": [],
    "version": 1,
    "missingFromLatestRun": false,
    "archivedAt": null,
    "lastSeenExtractionSessionId": null
  },
  {
    "id": "72e9024a-0ef9-40f7-a30a-a913af0fdca7",
    "bookId": "eb35e853-2574-49d6-9436-09538abe2acb",
    "name": "主席台",
    "aliases": [],
    "description": "古月娜走出并准备返回住处前短暂停留的场所；大赛观礼高台，千古丈亭与古月娜在此观看唐舞麟与傲无常的比赛，千古丈亭看到雷霆覆盖全场后在此猛然起身",
    "confidence": 0.578,
    "status": "PENDING",
    "chapterRef": "第183章",
    "importanceScore": 0.119,
    "tier": "candidate",
    "storyScore": 1,
    "productionScore": 0,
    "pillarCausal": 1,
    "pillarUniqueness": 0,
    "pillarTransition": 0,
    "mentionCount": 150,
    "firstChapter": 183,
    "lastChapter": 1660,
    "chapterAppearances": [
      183,
      203,
      204,
      207,
      208,
      209,
      210,
      295,
      398,
      399,
      401,
      402,
      403,
      404,
      406,
      408,
      454,
      494,
      508,
      509,
      511,
      512,
      521,
      522,
      523,
      524,
      531,
      538,
      543,
      547,
      549,
      550,
      551,
      552,
      555,
      558,
      559,
      565,
      567,
      569,
      573,
      575,
      576,
      1145,
      1146,
      1147,
      1148,
      1150,
      1151,
      1153,
      1154,
      1158,
      1160,
      1162,
      1163,
      1164,
      1168,
      1172,
      1173,
      1175,
      1176,
      1177,
      1181,
      1251,
      1252,
      1257,
      1260,
      1271,
      1272,
      1280,
      1282,
      1284,
      1285,
      1301,
      1303,
      1308,
      1312,
      1318,
      1320,
      1322,
      1324,
      1325,
      1329,
      1330,
      1331,
      1332,
      1333,
      1646,
      1654,
      1660
    ],
    "firstMentionSnippet": "第183章：…次不是他？” 古月道：“那他就一定是事出有因。” 这时，主席台上，院长已经开始讲话了，一道身影悄悄的从后面跑入操场，弯着腰…",
    "createdAt": "2026-09-23T07:32:48.231Z",
    "updatedAt": "2026-09-23T07:32:48.231Z",
    "stableKey": "n:主席台",
    "reviewSource": "AI",
    "lockedFields": [],
    "version": 1,
    "missingFromLatestRun": false,
    "archivedAt": null,
    "lastSeenExtractionSessionId": null
  },
  {
    "id": "7d851504-7d95-4fba-ab70-c27aaf33e78a",
    "bookId": "eb35e853-2574-49d6-9436-09538abe2acb",
    "name": "比赛台",
    "aliases": [],
    "description": "本章班级对战的场所，唐舞麟、古月、谢邂与韦小枫、王金玺、张扬子在台上交战，龙恒旭等老师和观众在台下观看；举行一年级班级对抗比赛的擂台，本章中一年级五班与一年级一班在此对决，比赛过程中温度因魂技大幅下降；升班赛进行的擂台，唐舞麟在此击溃王金玺与张扬子的武魂融合技，导致三人重伤，龙恒旭作为裁判在台上脸色阴沉；比武招亲淘汰赛第一轮第一天使用的比赛场地，周围设有防护罩并配有看台；原恩夜辉扮作袁辉在此击败赤山明，比赛短暂结束令全场哗然",
    "confidence": 0.688,
    "status": "PENDING",
    "chapterRef": "第72章",
    "importanceScore": 0.119,
    "tier": "candidate",
    "storyScore": 1,
    "productionScore": 0,
    "pillarCausal": 1,
    "pillarUniqueness": 0,
    "pillarTransition": 0,
    "mentionCount": 459,
    "firstChapter": 72,
    "lastChapter": 1696,
    "chapterAppearances": [
      72,
      73,
      74,
      80,
      81,
      91,
      99,
      100,
      102,
      104,
      105,
      114,
      199,
      200,
      205,
      206,
      208,
      211,
      213,
      218,
      220,
      221,
      222,
      223,
      225,
      226,
      227,
      228,
      230,
      342,
      343,
      382,
      384,
      391,
      392,
      393,
      394,
      398,
      401,
      405,
      408,
      409,
      479,
      489,
      490,
      493,
      494,
      495,
      501,
      502,
      504,
      505,
      507,
      508,
      509,
      511,
      512,
      514,
      515,
      520,
      521,
      522,
      523,
      524,
      525,
      526,
      527,
      528,
      529,
      530,
      531,
      535,
      537,
      539,
      541,
      543,
      544,
      547,
      548,
      549,
      550,
      552,
      553,
      555,
      556,
      557,
      559,
      560,
      561,
      562,
      563,
      564,
      565,
      567,
      570,
      571,
      573,
      574,
      576,
      577,
      829,
      831,
      835,
      836,
      840,
      841,
      903,
      905,
      909,
      910,
      914,
      915,
      919,
      920,
      921,
      924,
      925,
      927,
      928,
      929,
      930,
      931,
      933,
      937,
      939,
      1147,
      1150,
      1153,
      1154,
      1160,
      1162,
      1163,
      1168,
      1169,
      1172,
      1173,
      1178,
      1180,
      1181,
      1182,
      1277,
      1278,
      1279,
      1280,
      1282,
      1284,
      1286,
      1301,
      1302,
      1303,
      1304,
      1307,
      1308,
      1309,
      1310,
      1312,
      1314,
      1315,
      1320,
      1321,
      1324,
      1326,
      1327,
      1329,
      1332,
      1333,
      1334,
      1696
    ],
    "firstMentionSnippet": "第72章：…今天风和日丽，碧空万里无云。中级部操场正中，已经摆好了一座比赛台，说是比赛台，其实就是用厚达十厘米的金属板铺成的一块直径百米…",
    "createdAt": "2026-09-23T07:32:48.215Z",
    "updatedAt": "2026-09-23T07:32:48.215Z",
    "stableKey": "n:比赛台",
    "reviewSource": "AI",
    "lockedFields": [],
    "version": 1,
    "missingFromLatestRun": false,
    "archivedAt": null,
    "lastSeenExtractionSessionId": null
  },
  {
    "id": "858da80f-39db-4a84-9f1d-496b53de5f3f",
    "bookId": "eb35e853-2574-49d6-9436-09538abe2acb",
    "name": "星斗大森林核心区",
    "aliases": [],
    "description": "星斗大森林深处危险区域，有帝天、熊君等凶兽级存在出没；谢邂等人在此经历险些丧命的危机，并被银色巨爪所救",
    "confidence": 0.641,
    "status": "PENDING",
    "chapterRef": "第738章",
    "importanceScore": 0.119,
    "tier": "candidate",
    "storyScore": 1,
    "productionScore": 0,
    "pillarCausal": 1,
    "pillarUniqueness": 0,
    "pillarTransition": 0,
    "mentionCount": 14,
    "firstChapter": 738,
    "lastChapter": 1239,
    "chapterAppearances": [
      738,
      742,
      746,
      747,
      1229,
      1230,
      1237,
      1239
    ],
    "firstMentionSnippet": "第738章：…如果这里真是传说中的高级升灵台，那么这里很可能就是如今尚存的星斗大森林核心区，是大凶之地，他很有可能会在此遭遇十万年魂兽啊！ 如果贸然深…",
    "createdAt": "2026-09-23T07:32:48.342Z",
    "updatedAt": "2026-09-23T07:32:48.342Z",
    "stableKey": "n:星斗大森林核心区",
    "reviewSource": "AI",
    "lockedFields": [],
    "version": 1,
    "missingFromLatestRun": false,
    "archivedAt": null,
    "lastSeenExtractionSessionId": null
  },
  {
    "id": "9682296a-f8d8-4672-942e-75f97deb235f",
    "bookId": "eb35e853-2574-49d6-9436-09538abe2acb",
    "name": "一年级宿舍",
    "aliases": [],
    "description": "谢邂指认高年级学员围堵唐舞麟的地点",
    "confidence": 0.306,
    "status": "PENDING",
    "chapterRef": "第61章",
    "importanceScore": 0.119,
    "tier": "candidate",
    "storyScore": 1,
    "productionScore": 0,
    "pillarCausal": 1,
    "pillarUniqueness": 0,
    "pillarTransition": 0,
    "mentionCount": 1,
    "firstChapter": 61,
    "lastChapter": 61,
    "chapterAppearances": [
      61
    ],
    "firstMentionSnippet": "第61章：…唐舞麟较量锻造的。” 谢邂冷笑一声，“带着一群狗腿子在我们一年级宿舍堵人，你们高年级生就是这么找人的吗？” 龙恒旭冷冷的瞪了他…",
    "createdAt": "2026-09-23T07:32:48.375Z",
    "updatedAt": "2026-09-23T07:32:48.375Z",
    "stableKey": "n:一年级宿舍",
    "reviewSource": "AI",
    "lockedFields": [],
    "version": 1,
    "missingFromLatestRun": false,
    "archivedAt": null,
    "lastSeenExtractionSessionId": null
  },
  {
    "id": "985f4eab-a713-471c-818c-d0bb10781fb2",
    "bookId": "eb35e853-2574-49d6-9436-09538abe2acb",
    "name": "星罗帝国",
    "aliases": [
      "星罗"
    ],
    "description": "恩慈被习惯视为星罗帝国第一人，皇室之中传承有霍雨浩的血脉，恩慈与皇室关系十分亲密；斗罗大陆上的帝国之一，首都为星罗城，恩慈所属的势力范围，唐舞麟在此进行五神之决并获胜；斗罗大陆上的帝国，戴云儿与戴天灵所在的国度，拥有圣龙斗罗恩慈，却面临哈洛萨的阴影，皇宫中建有戴云儿的闺房；斗罗世界三大国之一，唐舞麟出使的国家，其准备工作恐怕尚未完成且不知道联邦舰队的到来，是联邦舰队首要的攻击目标；天斗、星罗两国之行涉及的国家；天王战队被称为整个星罗帝国年轻一代中最优秀的人才，星罗之行后史莱克七怪真正成长；戴天灵统治的帝国，在魂导武器方面远远落后于唐门与日月联邦，正依靠唐门对抗联邦舰队；与联邦舰队对峙的国家，凭借唐门提供的武器和星罗大陆基地防守反击，令联邦舰队无功而返；曾举办类似作秀的五神之决的帝国，唐舞麟因参加该活动获得大量支持；联邦舰队前往发动战争的对象，此次远征行动毫无收获、消耗巨大，对联邦来说是一次失败的行动；唐舞麟回忆上次自己中毒时提到的地点，与蓝佛子此次所中梦魇毒素不同；唐舞麟曾以一敌国、凭借五神之决威震的帝国",
    "confidence": 0.761,
    "status": "PENDING",
    "chapterRef": "第1章",
    "importanceScore": 0.119,
    "tier": "candidate",
    "storyScore": 1,
    "productionScore": 0,
    "pillarCausal": 1,
    "pillarUniqueness": 0,
    "pillarTransition": 0,
    "mentionCount": 1981,
    "firstChapter": 1,
    "lastChapter": 1705,
    "chapterAppearances": [
      1,
      2,
      16,
      122,
      150,
      159,
      164,
      194,
      313,
      462,
      464,
      466,
      470,
      474,
      475,
      476,
      477,
      478,
      479,
      480,
      481,
      482,
      483,
      484,
      485,
      486,
      487,
      488,
      489,
      490,
      492,
      493,
      494,
      496,
      497,
      498,
      500,
      501,
      502,
      504,
      505,
      506,
      507,
      508,
      509,
      510,
      511,
      512,
      514,
      515,
      516,
      517,
      518,
      519,
      520,
      521,
      522,
      523,
      524,
      525,
      526,
      528,
      529,
      530,
      533,
      534,
      535,
      538,
      539,
      540,
      543,
      544,
      545,
      546,
      547,
      551,
      552,
      553,
      554,
      555,
      556,
      557,
      558,
      559,
      564,
      565,
      567,
      568,
      572,
      573,
      575,
      576,
      577,
      578,
      579,
      581,
      583,
      584,
      586,
      587,
      590,
      591,
      592,
      593,
      594,
      596,
      597,
      602,
      603,
      605,
      606,
      610,
      611,
      612,
      613,
      614,
      622,
      623,
      624,
      633,
      651,
      692,
      703,
      710,
      713,
      714,
      718,
      719,
      743,
      753,
      765,
      767,
      829,
      835,
      903,
      909,
      919,
      925,
      928,
      980,
      983,
      984,
      989,
      995,
      1020,
      1027,
      1028,
      1029,
      1033,
      1035,
      1040,
      1042,
      1043,
      1044,
      1045,
      1050,
      1051,
      1053,
      1054,
      1055,
      1056,
      1057,
      1058,
      1060,
      1062,
      1074,
      1075,
      1145,
      1146,
      1147,
      1149,
      1150,
      1153,
      1154,
      1156,
      1157,
      1158,
      1159,
      1160,
      1165,
      1166,
      1167,
      1169,
      1171,
      1172,
      1173,
      1174,
      1176,
      1177,
      1178,
      1181,
      1182,
      1183,
      1185,
      1186,
      1187,
      1189,
      1190,
      1191,
      1192,
      1193,
      1194,
      1195,
      1196,
      1197,
      1201,
      1203,
      1205,
      1206,
      1207,
      1208,
      1209,
      1210,
      1211,
      1212,
      1213,
      1216,
      1217,
      1218,
      1219,
      1220,
      1223,
      1228,
      1229,
      1235,
      1236,
      1238,
      1241,
      1243,
      1261,
      1262,
      1267,
      1274,
      1275,
      1277,
      1283,
      1308,
      1318,
      1319,
      1323,
      1332,
      1333,
      1334,
      1336,
      1389,
      1397,
      1398,
      1401,
      1406,
      1418,
      1424,
      1426,
      1447,
      1468,
      1473,
      1482,
      1485,
      1492,
      1501,
      1504,
      1507,
      1524,
      1554,
      1566,
      1592,
      1599,
      1612,
      1653,
      1654,
      1658,
      1660,
      1661,
      1662,
      1682,
      1690,
      1697,
      1705
    ],
    "firstMentionSnippet": "第2章：…多了，这是一种标准的废武魂啊！蓝银草在整个斗罗大陆，甚至是在星罗大陆和天斗大陆，都是最普通的存在，红山学院的草坪上也是随处可见。…",
    "createdAt": "2026-09-23T07:32:48.201Z",
    "updatedAt": "2026-09-23T07:32:48.201Z",
    "stableKey": "n:星罗帝国",
    "reviewSource": "AI",
    "lockedFields": [],
    "version": 1,
    "missingFromLatestRun": false,
    "archivedAt": null,
    "lastSeenExtractionSessionId": null
  },
  {
    "id": "a3aadc2e-f8ac-4dca-8811-87de32e2e59b",
    "bookId": "eb35e853-2574-49d6-9436-09538abe2acb",
    "name": "星罗帝国皇宫",
    "aliases": [
      "皇宫"
    ],
    "description": "星罗帝国皇室居所，戴云儿闺房所在，唐舞麟凭修为可潜入其中；戴天灵所在的星罗帝国皇宫，唐舞麟与古月娜事后意识到身处此地并决定离开",
    "confidence": 0.702,
    "status": "PENDING",
    "chapterRef": "第1章",
    "importanceScore": 0.119,
    "tier": "candidate",
    "storyScore": 1,
    "productionScore": 0,
    "pillarCausal": 1,
    "pillarUniqueness": 0,
    "pillarTransition": 0,
    "mentionCount": 32,
    "firstChapter": 1,
    "lastChapter": 1195,
    "chapterAppearances": [
      1,
      256,
      485,
      486,
      497,
      510,
      1062,
      1176,
      1182,
      1183,
      1191,
      1194,
      1195
    ],
    "firstMentionSnippet": "第485章：…日月联 邦抗衡。 一声声嘹亮的号角响起，隆重的接待仪式在星罗帝国皇宫前开始了。 鲜红的地毯一直从星罗帝国的皇宫中延伸出来。斗…",
    "createdAt": "2026-09-23T07:32:48.309Z",
    "updatedAt": "2026-09-23T07:32:48.309Z",
    "stableKey": "n:星罗帝国皇宫",
    "reviewSource": "AI",
    "lockedFields": [],
    "version": 1,
    "missingFromLatestRun": false,
    "archivedAt": null,
    "lastSeenExtractionSessionId": null
  },
  {
    "id": "a57f9708-5f2c-4df6-ae11-84d12b3d2c9d",
    "bookId": "eb35e853-2574-49d6-9436-09538abe2acb",
    "name": "禁区",
    "aliases": [],
    "description": "比武招亲测试中的禁区地带,多次探察都无法发现任何东西,进去的人出来后会失去记忆,也有一些人不能活着出来,此次能量波动消失后人未出来,凶多吉少",
    "confidence": 0.605,
    "status": "PENDING",
    "chapterRef": "第1章",
    "importanceScore": 0.119,
    "tier": "candidate",
    "storyScore": 1,
    "productionScore": 0,
    "pillarCausal": 1,
    "pillarUniqueness": 0,
    "pillarTransition": 0,
    "mentionCount": 28,
    "firstChapter": 1,
    "lastChapter": 1682,
    "chapterAppearances": [
      1,
      174,
      650,
      655,
      659,
      662,
      666,
      703,
      746,
      1010,
      1270,
      1271,
      1273,
      1274,
      1275,
      1636,
      1651,
      1667,
      1682
    ],
    "firstMentionSnippet": null,
    "createdAt": "2026-09-23T07:32:48.312Z",
    "updatedAt": "2026-09-23T07:32:48.312Z",
    "stableKey": "n:禁区",
    "reviewSource": "AI",
    "lockedFields": [],
    "version": 1,
    "missingFromLatestRun": false,
    "archivedAt": null,
    "lastSeenExtractionSessionId": null
  },
  {
    "id": "a6f5486e-621e-42c5-befb-455bb19f4a09",
    "bookId": "eb35e853-2574-49d6-9436-09538abe2acb",
    "name": "西北荒漠",
    "aliases": [],
    "description": "卢宇星出身的荒漠地区，该地区信息在唐门资料中少得可怜",
    "confidence": 0.283,
    "status": "PENDING",
    "chapterRef": "第1309章",
    "importanceScore": 0.119,
    "tier": "candidate",
    "storyScore": 1,
    "productionScore": 0,
    "pillarCausal": 1,
    "pillarUniqueness": 0,
    "pillarTransition": 0,
    "mentionCount": 1,
    "firstChapter": 1309,
    "lastChapter": 1309,
    "chapterAppearances": [
      1309
    ],
    "firstMentionSnippet": "第1309章：…号斗 罗之间的比拼——由来自传灵塔的传灵使千古丈亭,对阵来自西北荒漠的有‘黄 沙漫天天堂路’之称的卢宇星。” 唐舞麟心中一动,这…",
    "createdAt": "2026-09-23T07:32:48.365Z",
    "updatedAt": "2026-09-23T07:32:48.365Z",
    "stableKey": "n:西北荒漠",
    "reviewSource": "AI",
    "lockedFields": [],
    "version": 1,
    "missingFromLatestRun": false,
    "archivedAt": null,
    "lastSeenExtractionSessionId": null
  },
  {
    "id": "adf7e998-b297-4c48-b42f-36632ea166e7",
    "bookId": "eb35e853-2574-49d6-9436-09538abe2acb",
    "name": "拍卖会",
    "aliases": [],
    "description": "分多层举办的拍卖场所，一层为普通拍品，二层需交十万保证金或三级以上职业者资格方可进入，三层需一百万保证金，拍品越往上越珍贵",
    "confidence": 0.604,
    "status": "PENDING",
    "chapterRef": "第88章",
    "importanceScore": 0.119,
    "tier": "candidate",
    "storyScore": 1,
    "productionScore": 0,
    "pillarCausal": 1,
    "pillarUniqueness": 0,
    "pillarTransition": 0,
    "mentionCount": 45,
    "firstChapter": 88,
    "lastChapter": 1332,
    "chapterAppearances": [
      88,
      89,
      90,
      137,
      149,
      169,
      170,
      171,
      172,
      173,
      232,
      247,
      248,
      355,
      402,
      1040,
      1332
    ],
    "firstMentionSnippet": "第88章：…不行？十年以上的灵果，那可就是很好的东西了，百年以上的，只有拍卖会才有。算得上是灵宝。要是到了千年以上，那就是天材地宝，天材地…",
    "createdAt": "2026-09-23T07:32:48.279Z",
    "updatedAt": "2026-09-23T07:32:48.279Z",
    "stableKey": "n:拍卖会",
    "reviewSource": "AI",
    "lockedFields": [],
    "version": 1,
    "missingFromLatestRun": false,
    "archivedAt": null,
    "lastSeenExtractionSessionId": null
  },
  {
    "id": "af838657-dfe0-46bc-99a3-de198ffa2332",
    "bookId": "eb35e853-2574-49d6-9436-09538abe2acb",
    "name": "东海学院",
    "aliases": [],
    "description": "东海城著名学院，每年开学报到时会派班车在车站接人；唐舞麟此次来东海城的目的地就是到东海学院报到；一座同时具备中级和高级学院资质的大型魂师学院，分为中级学院部和高级学院部；中级学院占三分之二面积且免学费，高级学院占三分之一面积却是学院精华；学院入口由巨石修葺成高大门楼，内部绿树成荫、不允许车辆行驶；唐舞麟未来六年求学的学院，新生乘坐魂导大巴抵达，院墙高大；刘语心等人在此负责新生接待；学院设有中级部和高级部，新生入学按武魂品类和等级分班，打架记录会留在档案中并关系到能否升入高级部；故事主要发生地，设有中级部六个年级，规矩严苛，食堂吃饭需站立，破坏公物被视为重罪，损坏物品须按价赔偿；唐舞麟就读的学院，位于东海城，有中级部、食堂、寝室和教务处。唐舞麟在此打破中级部吃包子纪录；唐舞麟就读的学院，他其中级部一年级新生；魂师学院，设有中级部与操场；古月希望在这里上学，舞长空强调进入魂师学院要凭本事考试；位于东海城的中级、高级学院，分中级部与高级部，设有教导处、操场、比赛台和室内训练场，每年开学三个月后举行全学院参与的升班赛，是故事主要舞台；唐舞麟等人就读的魂师学院，位于东海城，分中级部和高级部，宿舍楼中有教师宿舍，学院大门外有中级部操场和比赛台；接到台风天气预报并提前放假的学院；唐舞麟就读的学院，唐舞麟为免宿舍出现异常未在解除封印时返回此处；故事背景中的学院，文中提到一年级一班与一年级五班的对战，以及东海学院历史上初级部出现二环学员的罕见情况；位于东海城的中级学院，在全大陆中级学院中约处中下游；学院设有初级部、高级部与一年级五班，龙恒旭提议为其增设集中资源的特级班；故事中的中级魂师学院，设有初中部和高中部，举办升班赛；学院董事会决定成立一年级零班并向入选学员倾斜资源，郁朕称其为一座大城市唯一的中级魂师学院；唐舞麟等人就读的学院，一年级零班在此成立，学院为零班安排了单独的开阔教室和教师级单人宿舍；古月等人所在学院，文中以“全大陆也找不出”作对比提及，并出现中级部毕业的说法；唐舞麟等人就读的学院，设有零班，为学员拨款争取升灵台进入名额，唐舞麟的饭量曾令学院头疼",
    "confidence": 0.955,
    "status": "PENDING",
    "chapterRef": "第1章",
    "importanceScore": 0.119,
    "tier": "candidate",
    "storyScore": 1,
    "productionScore": 0,
    "pillarCausal": 1,
    "pillarUniqueness": 0,
    "pillarTransition": 0,
    "mentionCount": 6715,
    "firstChapter": 1,
    "lastChapter": 1705,
    "chapterAppearances": [
      1,
      2,
      3,
      4,
      5,
      7,
      9,
      12,
      13,
      15,
      16,
      17,
      18,
      24,
      25,
      28,
      30,
      32,
      33,
      34,
      35,
      36,
      37,
      38,
      39,
      40,
      42,
      44,
      45,
      46,
      47,
      48,
      49,
      51,
      55,
      56,
      57,
      58,
      60,
      61,
      62,
      64,
      65,
      66,
      67,
      68,
      69,
      70,
      71,
      72,
      73,
      74,
      75,
      76,
      77,
      78,
      79,
      80,
      81,
      82,
      83,
      84,
      85,
      86,
      89,
      90,
      91,
      92,
      93,
      94,
      95,
      96,
      99,
      100,
      101,
      106,
      107,
      109,
      110,
      111,
      113,
      114,
      116,
      117,
      118,
      120,
      121,
      122,
      130,
      131,
      132,
      134,
      135,
      136,
      137,
      138,
      139,
      144,
      149,
      150,
      151,
      152,
      153,
      154,
      155,
      156,
      159,
      160,
      161,
      164,
      170,
      174,
      181,
      182,
      183,
      184,
      185,
      187,
      190,
      191,
      193,
      194,
      195,
      196,
      198,
      199,
      200,
      201,
      202,
      204,
      205,
      206,
      207,
      211,
      212,
      213,
      214,
      215,
      216,
      217,
      218,
      219,
      220,
      221,
      222,
      223,
      226,
      227,
      228,
      229,
      230,
      231,
      232,
      233,
      244,
      245,
      246,
      247,
      248,
      249,
      251,
      252,
      253,
      254,
      255,
      256,
      257,
      259,
      262,
      263,
      264,
      265,
      266,
      267,
      268,
      270,
      271,
      272,
      273,
      274,
      275,
      278,
      280,
      281,
      282,
      284,
      285,
      287,
      288,
      289,
      290,
      291,
      292,
      293,
      294,
      295,
      296,
      297,
      298,
      299,
      301,
      302,
      303,
      304,
      305,
      306,
      307,
      308,
      309,
      311,
      313,
      314,
      316,
      322,
      323,
      324,
      325,
      326,
      327,
      328,
      329,
      330,
      331,
      332,
      333,
      334,
      335,
      336,
      338,
      339,
      340,
      341,
      342,
      343,
      349,
      350,
      353,
      355,
      356,
      357,
      359,
      360,
      362,
      363,
      373,
      374,
      375,
      376,
      377,
      379,
      380,
      381,
      382,
      383,
      384,
      385,
      395,
      396,
      397,
      398,
      399,
      400,
      401,
      405,
      409,
      410,
      411,
      412,
      413,
      414,
      415,
      416,
      418,
      419,
      420,
      421,
      422,
      425,
      427,
      428,
      429,
      431,
      434,
      435,
      436,
      439,
      440,
      441,
      442,
      443,
      444,
      445,
      446,
      447,
      448,
      449,
      450,
      451,
      452,
      453,
      454,
      455,
      456,
      457,
      458,
      459,
      460,
      461,
      462,
      463,
      464,
      466,
      467,
      468,
      470,
      473,
      475,
      476,
      477,
      478,
      479,
      480,
      481,
      482,
      485,
      486,
      487,
      488,
      489,
      490,
      491,
      492,
      493,
      494,
      496,
      497,
      498,
      500,
      501,
      502,
      504,
      505,
      506,
      507,
      508,
      509,
      510,
      511,
      512,
      513,
      514,
      515,
      516,
      518,
      521,
      522,
      523,
      524,
      525,
      526,
      527,
      528,
      529,
      530,
      532,
      533,
      534,
      535,
      536,
      537,
      538,
      539,
      540,
      541,
      544,
      545,
      546,
      547,
      549,
      550,
      551,
      552,
      553,
      554,
      555,
      556,
      557,
      558,
      559,
      560,
      561,
      562,
      563,
      564,
      565,
      566,
      567,
      568,
      569,
      570,
      571,
      572,
      573,
      574,
      575,
      576,
      577,
      581,
      584,
      587,
      588,
      589,
      590,
      591,
      592,
      593,
      594,
      595,
      596,
      597,
      598,
      599,
      600,
      601,
      602,
      603,
      605,
      606,
      607,
      608,
      609,
      613,
      616,
      617,
      619,
      622,
      623,
      624,
      625,
      626,
      628,
      630,
      631,
      632,
      633,
      634,
      635,
      636,
      637,
      640,
      644,
      647,
      648,
      649,
      650,
      651,
      652,
      653,
      654,
      657,
      658,
      659,
      660,
      661,
      664,
      665,
      666,
      667,
      668,
      669,
      670,
      673,
      674,
      681,
      682,
      683,
      684,
      686,
      692,
      693,
      694,
      697,
      700,
      702,
      703,
      704,
      705,
      709,
      710,
      713,
      714,
      716,
      717,
      718,
      720,
      724,
      726,
      727,
      728,
      729,
      730,
      731,
      732,
      733,
      734,
      735,
      736,
      737,
      738,
      740,
      742,
      743,
      746,
      747,
      750,
      751,
      752,
      753,
      754,
      755,
      756,
      757,
      758,
      760,
      761,
      763,
      766,
      770,
      771,
      772,
      773,
      774,
      779,
      790,
      791,
      794,
      796,
      797,
      804,
      805,
      806,
      807,
      809,
      812,
      818,
      819,
      822,
      823,
      824,
      825,
      826,
      827,
      834,
      835,
      838,
      844,
      845,
      846,
      847,
      848,
      853,
      864,
      865,
      868,
      870,
      871,
      878,
      879,
      880,
      881,
      883,
      886,
      892,
      893,
      896,
      897,
      898,
      899,
      900,
      901,
      908,
      909,
      912,
      919,
      925,
      926,
      927,
      929,
      931,
      934,
      936,
      939,
      951,
      957,
      965,
      967,
      968,
      972,
      976,
      980,
      981,
      982,
      983,
      984,
      985,
      987,
      989,
      992,
      994,
      995,
      996,
      997,
      998,
      1003,
      1005,
      1010,
      1011,
      1012,
      1014,
      1015,
      1016,
      1017,
      1018,
      1019,
      1020,
      1021,
      1022,
      1023,
      1024,
      1025,
      1026,
      1027,
      1028,
      1029,
      1030,
      1031,
      1032,
      1033,
      1034,
      1035,
      1036,
      1037,
      1039,
      1040,
      1041,
      1042,
      1043,
      1044,
      1045,
      1050,
      1051,
      1052,
      1053,
      1054,
      1055,
      1056,
      1057,
      1058,
      1059,
      1060,
      1062,
      1064,
      1068,
      1071,
      1073,
      1074,
      1075,
      1145,
      1146,
      1149,
      1150,
      1152,
      1153,
      1155,
      1158,
      1159,
      1160,
      1162,
      1165,
      1166,
      1167,
      1169,
      1170,
      1171,
      1172,
      1176,
      1177,
      1178,
      1181,
      1182,
      1184,
      1185,
      1186,
      1190,
      1192,
      1193,
      1194,
      1195,
      1202,
      1206,
      1208,
      1210,
      1211,
      1214,
      1215,
      1216,
      1217,
      1218,
      1219,
      1220,
      1221,
      1222,
      1223,
      1224,
      1225,
      1226,
      1227,
      1228,
      1229,
      1230,
      1231,
      1232,
      1233,
      1234,
      1235,
      1236,
      1237,
      1238,
      1239,
      1240,
      1241,
      1242,
      1243,
      1244,
      1246,
      1251,
      1253,
      1255,
      1258,
      1260,
      1261,
      1262,
      1264,
      1266,
      1270,
      1272,
      1274,
      1275,
      1277,
      1280,
      1298,
      1299,
      1300,
      1310,
      1311,
      1312,
      1314,
      1317,
      1318,
      1319,
      1325,
      1330,
      1331,
      1332,
      1333,
      1334,
      1335,
      1336,
      1337,
      1340,
      1341,
      1342,
      1345,
      1346,
      1350,
      1351,
      1352,
      1353,
      1354,
      1355,
      1356,
      1357,
      1358,
      1359,
      1360,
      1361,
      1362,
      1363,
      1364,
      1366,
      1367,
      1368,
      1370,
      1371,
      1373,
      1374,
      1375,
      1376,
      1378,
      1379,
      1380,
      1381,
      1383,
      1384,
      1385,
      1386,
      1387,
      1388,
      1389,
      1390,
      1391,
      1392,
      1393,
      1394,
      1395,
      1396,
      1397,
      1398,
      1399,
      1400,
      1401,
      1402,
      1403,
      1404,
      1405,
      1406,
      1407,
      1408,
      1409,
      1410,
      1412,
      1413,
      1414,
      1415,
      1416,
      1418,
      1419,
      1420,
      1424,
      1426,
      1427,
      1428,
      1429,
      1430,
      1431,
      1432,
      1434,
      1435,
      1436,
      1437,
      1438,
      1439,
      1440,
      1441,
      1442,
      1444,
      1445,
      1446,
      1447,
      1449,
      1450,
      1451,
      1452,
      1453,
      1454,
      1455,
      1456,
      1458,
      1460,
      1461,
      1467,
      1468,
      1469,
      1470,
      1471,
      1473,
      1474,
      1475,
      1476,
      1478,
      1482,
      1483,
      1484,
      1485,
      1486,
      1487,
      1488,
      1489,
      1490,
      1491,
      1492,
      1496,
      1497,
      1500,
      1503,
      1504,
      1505,
      1506,
      1507,
      1508,
      1509,
      1510,
      1511,
      1512,
      1513,
      1518,
      1519,
      1520,
      1521,
      1522,
      1523,
      1524,
      1525,
      1526,
      1528,
      1530,
      1532,
      1533,
      1534,
      1535,
      1536,
      1537,
      1538,
      1539,
      1540,
      1541,
      1542,
      1543,
      1544,
      1545,
      1546,
      1547,
      1548,
      1549,
      1555,
      1562,
      1563,
      1569,
      1570,
      1571,
      1576,
      1577,
      1578,
      1579,
      1580,
      1581,
      1586,
      1588,
      1589,
      1590,
      1595,
      1598,
      1599,
      1600,
      1601,
      1604,
      1605,
      1607,
      1609,
      1610,
      1611,
      1612,
      1613,
      1616,
      1617,
      1620,
      1621,
      1622,
      1623,
      1624,
      1625,
      1627,
      1628,
      1629,
      1630,
      1631,
      1633,
      1636,
      1644,
      1645,
      1646,
      1647,
      1648,
      1649,
      1650,
      1651,
      1653,
      1655,
      1656,
      1657,
      1659,
      1660,
      1661,
      1662,
      1663,
      1664,
      1665,
      1666,
      1668,
      1669,
      1670,
      1671,
      1672,
      1673,
      1674,
      1675,
      1678,
      1679,
      1680,
      1681,
      1684,
      1690,
      1691,
      1693,
      1694,
      1695,
      1696,
      1697,
      1698,
      1700,
      1701,
      1705
    ],
    "firstMentionSnippet": "第33章：…只有九岁的他，心中难免会有些恐惧。 他是来上学的，来东海城东海学院报到。他本以为，爸爸或妈妈会陪他来，但是，爸爸却说，他已经是…",
    "createdAt": "2026-09-23T07:32:48.183Z",
    "updatedAt": "2026-09-23T07:32:48.183Z",
    "stableKey": "n:东海学院",
    "reviewSource": "AI",
    "lockedFields": [],
    "version": 1,
    "missingFromLatestRun": false,
    "archivedAt": null,
    "lastSeenExtractionSessionId": null
  },
  {
    "id": "b9a0fb66-7475-4a2a-8a0f-387804ddde3c",
    "bookId": "eb35e853-2574-49d6-9436-09538abe2acb",
    "name": "西海",
    "aliases": [
      "西海岸"
    ],
    "description": "星罗帝国西侧海域，联邦舰队来犯的方向，此处突然出现了百年不遇最高级别的特大暴风雨，令联邦舰队受阻、为星罗帝国争取了准备时间",
    "confidence": 0.586,
    "status": "PENDING",
    "chapterRef": "第795章",
    "importanceScore": 0.119,
    "tier": "candidate",
    "storyScore": 1,
    "productionScore": 0,
    "pillarCausal": 1,
    "pillarUniqueness": 0,
    "pillarTransition": 0,
    "mentionCount": 14,
    "firstChapter": 795,
    "lastChapter": 1206,
    "chapterAppearances": [
      795,
      869,
      1206
    ],
    "firstMentionSnippet": "第795章：…最西方，按照地图上的标识来看，翻越无尽山脉之后，很快就能抵达西海岸。 西海岸附近并没有出现海魂兽活跃和破坏的情况，甚至根本就没…",
    "createdAt": "2026-09-23T07:32:48.340Z",
    "updatedAt": "2026-09-23T07:32:48.340Z",
    "stableKey": "n:西海",
    "reviewSource": "AI",
    "lockedFields": [],
    "version": 1,
    "missingFromLatestRun": false,
    "archivedAt": null,
    "lastSeenExtractionSessionId": null
  },
  {
    "id": "be9b2a15-e395-4a5d-8f4f-a64c81a370e9",
    "bookId": "eb35e853-2574-49d6-9436-09538abe2acb",
    "name": "舞长空的办公室",
    "aliases": [
      "办公室"
    ],
    "description": "舞长空位于教学楼中的办公室，面积只有十平方米，室内放有一张书桌、一个书柜和一把椅子。比试结束后，他在这里点评唐舞麟与谢邂的表现",
    "confidence": 0.666,
    "status": "PENDING",
    "chapterRef": "第40章",
    "importanceScore": 0.119,
    "tier": "candidate",
    "storyScore": 1,
    "productionScore": 0,
    "pillarCausal": 1,
    "pillarUniqueness": 0,
    "pillarTransition": 0,
    "mentionCount": 71,
    "firstChapter": 40,
    "lastChapter": 1664,
    "chapterAppearances": [
      40,
      55,
      56,
      58,
      61,
      72,
      95,
      115,
      116,
      117,
      136,
      149,
      159,
      181,
      182,
      188,
      232,
      233,
      325,
      326,
      333,
      376,
      379,
      380,
      412,
      657,
      664,
      712,
      925,
      967,
      968,
      969,
      970,
      987,
      997,
      1002,
      1054,
      1055,
      1056,
      1062,
      1288,
      1352,
      1648,
      1660,
      1662,
      1664
    ],
    "firstMentionSnippet": "第40章：…唐舞麟这才来到她身边。 甜美少女道：“我叫云小凌，岑大师的办公室在第十五层，我先带你去见他，然后他会带你进行锻造师等级测试。…",
    "createdAt": "2026-09-23T07:32:48.264Z",
    "updatedAt": "2026-09-23T07:32:48.264Z",
    "stableKey": "n:舞长空的办公室",
    "reviewSource": "AI",
    "lockedFields": [],
    "version": 1,
    "missingFromLatestRun": false,
    "archivedAt": null,
    "lastSeenExtractionSessionId": null
  },
  {
    "id": "c76de904-7341-4bbc-b78b-68b2886c9532",
    "bookId": "eb35e853-2574-49d6-9436-09538abe2acb",
    "name": "明都大体育场",
    "aliases": [],
    "description": "明都内足以容纳十万人的大型体育场，被定为比武招亲场地，并由联邦政府支持临时封闭改建；明都方面十分重视的巨型体育场，可容纳上千名工人布置场地，比武招亲的第一轮筛选将在此进行，门票一票难求；比武招亲的举办场地，可容纳大量观众，中央摆放各种测试用大型魂导仪器，观众席上方悬挂三十六块超大屏幕多角度呈现测试画面，开启隔光设备后黑色幕布穹顶令场内如夜晚；比武招亲测试与决赛举办的场地，场内配有魂导降噪设备与三维立体光幕，观众与众多强大魂师聚集于此；比武招亲大赛的比赛场地，改造后只保留一个直径三百米的圆形比赛台，主席台对面竖有高达五十米的巨大屏幕；抽签仪式在此举行，不对外开放但面向全大陆直播；本次大赛的举行场地，抽签仪式与循环赛均在此进行，门票收入可观；比武招亲循环赛的举办场地，每日比赛时热闹非凡门票销售一空，比赛台设有双向隔绝的巨型防护罩",
    "confidence": 0.742,
    "status": "PENDING",
    "chapterRef": "第1242章",
    "importanceScore": 0.119,
    "tier": "candidate",
    "storyScore": 1,
    "productionScore": 0,
    "pillarCausal": 1,
    "pillarUniqueness": 0,
    "pillarTransition": 0,
    "mentionCount": 51,
    "firstChapter": 1242,
    "lastChapter": 1401,
    "chapterAppearances": [
      1242,
      1243,
      1251,
      1252,
      1274,
      1276,
      1277,
      1284,
      1286,
      1287,
      1300,
      1301,
      1305,
      1306,
      1307,
      1308,
      1309,
      1312,
      1316,
      1320,
      1326,
      1327,
      1329,
      1333,
      1334,
      1401
    ],
    "firstMentionSnippet": "第1242章：…逻,维持秩序,以确保安全。 比武招亲的场地已经定下来了,就在明都大体育场,一个足以容纳十万人的 场地。 比武招亲得到了联邦政府的大力…",
    "createdAt": "2026-09-23T07:32:48.273Z",
    "updatedAt": "2026-09-23T07:32:48.273Z",
    "stableKey": "n:明都大体育场",
    "reviewSource": "AI",
    "lockedFields": [],
    "version": 1,
    "missingFromLatestRun": false,
    "archivedAt": null,
    "lastSeenExtractionSessionId": null
  },
  {
    "id": "c8f22112-b7b5-475b-b4a0-f85731b6d024",
    "bookId": "eb35e853-2574-49d6-9436-09538abe2acb",
    "name": "北海舰队",
    "aliases": [],
    "description": "联邦军方北方军团的舰队，设有北芒特战队，牧田是其中最精锐特战队的大队长",
    "confidence": 0.602,
    "status": "PENDING",
    "chapterRef": "第652章",
    "importanceScore": 0.119,
    "tier": "candidate",
    "storyScore": 1,
    "productionScore": 0,
    "pillarCausal": 1,
    "pillarUniqueness": 0,
    "pillarTransition": 0,
    "mentionCount": 20,
    "firstChapter": 652,
    "lastChapter": 1416,
    "chapterAppearances": [
      652,
      659,
      1053,
      1196,
      1307,
      1309,
      1399,
      1405,
      1416
    ],
    "firstMentionSnippet": "第652章：…，北海军团拥有很强的海战和空战能力，军团下辖三个师团，分别是北海舰队，北海航空战斗师以及北海陆战师。 其中，规模最大的是北海舰…",
    "createdAt": "2026-09-23T07:32:48.330Z",
    "updatedAt": "2026-09-23T07:32:48.330Z",
    "stableKey": "n:北海舰队",
    "reviewSource": "AI",
    "lockedFields": [],
    "version": 1,
    "missingFromLatestRun": false,
    "archivedAt": null,
    "lastSeenExtractionSessionId": null
  },
  {
    "id": "d372db4e-fc17-4db1-834b-f09ed0b46dd2",
    "bookId": "eb35e853-2574-49d6-9436-09538abe2acb",
    "name": "锻造工作室",
    "aliases": [],
    "description": "唐舞麟每周休息日都会前往的锻造工作室，他在锻造师协会完成任务的地方；唐舞麟位于锻造师协会不远处的私人工作室，坚固可抵御台风风雨，唐舞麟在此准备解开第一道封印；唐舞麟平日进行锻造练习的工作室，他接到邙天急讯后未换工作服便直接从工作室赶来协会",
    "confidence": 0.655,
    "status": "PENDING",
    "chapterRef": "第24章",
    "importanceScore": 0.119,
    "tier": "candidate",
    "storyScore": 1,
    "productionScore": 0,
    "pillarCausal": 1,
    "pillarUniqueness": 0,
    "pillarTransition": 0,
    "mentionCount": 86,
    "firstChapter": 24,
    "lastChapter": 1396,
    "chapterAppearances": [
      24,
      90,
      95,
      97,
      116,
      117,
      136,
      160,
      181,
      300,
      303,
      396,
      466,
      485,
      798,
      802,
      803,
      804,
      805,
      833,
      834,
      835,
      872,
      876,
      877,
      878,
      879,
      907,
      908,
      909,
      925,
      926,
      971,
      998,
      1000,
      1001,
      1002,
      1003,
      1395,
      1396
    ],
    "firstMentionSnippet": "第24章：…贵的宝石，也比不上他的妹妹。 浑浑噩噩的上学，浑浑噩噩的去锻造工作室。 接连几天，唐舞麟就像是失了魂似的，每天他都会在傲来城的…",
    "createdAt": "2026-09-23T07:32:48.255Z",
    "updatedAt": "2026-09-23T07:32:48.255Z",
    "stableKey": "n:锻造工作室",
    "reviewSource": "AI",
    "lockedFields": [],
    "version": 1,
    "missingFromLatestRun": false,
    "archivedAt": null,
    "lastSeenExtractionSessionId": null
  },
  {
    "id": "de6dcc78-634f-4e2b-a782-9d0715441c87",
    "bookId": "eb35e853-2574-49d6-9436-09538abe2acb",
    "name": "锻造师协会",
    "aliases": [
      "协会"
    ],
    "description": "灰色大楼，约三十层高，上面有巨大的锤子图案；一层有十米高玻璃墙和八米金色巨锤浮雕。顶级锻造师社会地位极高，唐舞麟来此进行锻造师等级评测注册；锻造师的评测与办公场所，三层是锻造工作区并设有测试房，十五层是岑岳等大师的办公层，顶层三十层办公者是历史上最年轻评测者的天才锻造师；对唐舞麟进行锻造师水平评测的机构，认定其达到二级锻造师水平并给予一万联邦币补偿，还通知他两日后领取锻造师徽章、开始接取工作；慕辰任会长的锻造师组织所在地，设有电梯、二层任务接取大厅、出租锻造室，以及四楼、五楼购买锻造成品的区域；强调团结并可为成员提供帮助；唐舞麟领取魂导通讯器与储物戒指的地方；与魂师协会规模差不多，设有会长、岑岳等人物，并提供协会福利；锻造师组织所在地，唐舞麟在此接取和交付千锻任务；本章中邙天在协会会长办公室约见唐舞麟；邙天与慕辰所在的锻造师组织所在地，唐舞麟在此见到老师邙天并拜慕辰为师，协会承诺全力培养唐舞麟并提供魂灵资源；震华与唐舞麟进行天锻的所在，其大楼楼顶设有登天台；本章天锻时七彩光晕从楼顶亮起，附近之人都能看到；唐舞麟练习天锻的场所，他有最好的工作室，十几天绝大多数时间留在协会楼顶练习天锻，很少离开；唐舞麟在明都的落脚点，臧鑫曾深夜将他送回此处，雅莉也将其送到门口",
    "confidence": 0.739,
    "status": "PENDING",
    "chapterRef": "第27章",
    "importanceScore": 0.119,
    "tier": "candidate",
    "storyScore": 1,
    "productionScore": 0,
    "pillarCausal": 1,
    "pillarUniqueness": 0,
    "pillarTransition": 0,
    "mentionCount": 846,
    "firstChapter": 27,
    "lastChapter": 1507,
    "chapterAppearances": [
      27,
      39,
      40,
      41,
      42,
      44,
      49,
      54,
      57,
      58,
      59,
      60,
      69,
      70,
      71,
      90,
      91,
      92,
      94,
      95,
      96,
      97,
      99,
      111,
      116,
      117,
      118,
      134,
      136,
      149,
      156,
      160,
      181,
      188,
      189,
      190,
      193,
      194,
      195,
      197,
      203,
      204,
      209,
      210,
      216,
      217,
      218,
      220,
      230,
      232,
      244,
      283,
      295,
      299,
      300,
      301,
      302,
      303,
      304,
      305,
      306,
      322,
      323,
      324,
      325,
      326,
      333,
      334,
      335,
      336,
      345,
      348,
      350,
      351,
      380,
      399,
      401,
      412,
      413,
      414,
      415,
      420,
      421,
      422,
      423,
      425,
      426,
      427,
      428,
      429,
      430,
      443,
      484,
      633,
      634,
      635,
      636,
      709,
      711,
      712,
      714,
      717,
      753,
      756,
      981,
      984,
      985,
      986,
      987,
      997,
      998,
      1001,
      1002,
      1003,
      1005,
      1010,
      1019,
      1023,
      1024,
      1025,
      1026,
      1044,
      1243,
      1244,
      1245,
      1246,
      1250,
      1252,
      1260,
      1262,
      1274,
      1275,
      1276,
      1277,
      1284,
      1300,
      1301,
      1304,
      1305,
      1308,
      1311,
      1312,
      1327,
      1334,
      1351,
      1353,
      1354,
      1357,
      1358,
      1381,
      1387,
      1446,
      1482,
      1507
    ],
    "firstMentionSnippet": "第27章：…才九岁，如果能够完成千锻的话，恐怕就要创造一个纪录了吧。目前锻造师协会的千锻纪录，是由一位圣匠级锻造师保持的，十一岁三个月零两天。…",
    "createdAt": "2026-09-23T07:32:48.207Z",
    "updatedAt": "2026-09-23T07:32:48.207Z",
    "stableKey": "n:锻造师协会",
    "reviewSource": "AI",
    "lockedFields": [],
    "version": 1,
    "missingFromLatestRun": false,
    "archivedAt": null,
    "lastSeenExtractionSessionId": null
  },
  {
    "id": "ede681c7-674f-45c0-b701-d6427bcd1ea2",
    "bookId": "eb35e853-2574-49d6-9436-09538abe2acb",
    "name": "唐门秘密地下湖",
    "aliases": [],
    "description": "唐门的秘密基地，通过海底隧道与大海相连，潜艇可悄无声息地驶入",
    "confidence": 0.351,
    "status": "PENDING",
    "chapterRef": "第1217章",
    "importanceScore": 0.119,
    "tier": "candidate",
    "storyScore": 1,
    "productionScore": 0,
    "pillarCausal": 1,
    "pillarUniqueness": 0,
    "pillarTransition": 0,
    "mentionCount": 1,
    "firstChapter": 1217,
    "lastChapter": 1217,
    "chapterAppearances": [
      1217
    ],
    "firstMentionSnippet": null,
    "createdAt": "2026-09-23T07:32:48.363Z",
    "updatedAt": "2026-09-23T07:32:48.363Z",
    "stableKey": "n:唐门秘密地下湖",
    "reviewSource": "AI",
    "lockedFields": [],
    "version": 1,
    "missingFromLatestRun": false,
    "archivedAt": null,
    "lastSeenExtractionSessionId": null
  },
  {
    "id": "efe270d9-f25a-4329-8192-50508006be39",
    "bookId": "eb35e853-2574-49d6-9436-09538abe2acb",
    "name": "大赛比赛台",
    "aliases": [],
    "description": "边长一百米、面积一万平方米的正方形比赛台，四周设有强大防护罩；十万年狼皇出现后场地顿时狭小，唐舞麟与傲无常的决赛在此进行，雷霆爆发时防护罩一度呈现崩溃趋势",
    "confidence": 0.643,
    "status": "PENDING",
    "chapterRef": "第72章",
    "importanceScore": 0.119,
    "tier": "candidate",
    "storyScore": 1,
    "productionScore": 0,
    "pillarCausal": 1,
    "pillarUniqueness": 0,
    "pillarTransition": 0,
    "mentionCount": 459,
    "firstChapter": 72,
    "lastChapter": 1696,
    "chapterAppearances": [
      72,
      73,
      74,
      80,
      81,
      91,
      99,
      100,
      102,
      104,
      105,
      114,
      199,
      200,
      205,
      206,
      208,
      211,
      213,
      218,
      220,
      221,
      222,
      223,
      225,
      226,
      227,
      228,
      230,
      342,
      343,
      382,
      384,
      391,
      392,
      393,
      394,
      398,
      401,
      405,
      408,
      409,
      479,
      489,
      490,
      493,
      494,
      495,
      501,
      502,
      504,
      505,
      507,
      508,
      509,
      511,
      512,
      514,
      515,
      520,
      521,
      522,
      523,
      524,
      525,
      526,
      527,
      528,
      529,
      530,
      531,
      535,
      537,
      539,
      541,
      543,
      544,
      547,
      548,
      549,
      550,
      552,
      553,
      555,
      556,
      557,
      559,
      560,
      561,
      562,
      563,
      564,
      565,
      567,
      570,
      571,
      573,
      574,
      576,
      577,
      829,
      831,
      835,
      836,
      840,
      841,
      903,
      905,
      909,
      910,
      914,
      915,
      919,
      920,
      921,
      924,
      925,
      927,
      928,
      929,
      930,
      931,
      933,
      937,
      939,
      1147,
      1150,
      1153,
      1154,
      1160,
      1162,
      1163,
      1168,
      1169,
      1172,
      1173,
      1178,
      1180,
      1181,
      1182,
      1277,
      1278,
      1279,
      1280,
      1282,
      1284,
      1286,
      1301,
      1302,
      1303,
      1304,
      1307,
      1308,
      1309,
      1310,
      1312,
      1314,
      1315,
      1320,
      1321,
      1324,
      1326,
      1327,
      1329,
      1332,
      1333,
      1334,
      1696
    ],
    "firstMentionSnippet": "第72章：…今天风和日丽，碧空万里无云。中级部操场正中，已经摆好了一座比赛台，说是比赛台，其实就是用厚达十厘米的金属板铺成的一块直径百米…",
    "createdAt": "2026-09-23T07:32:48.223Z",
    "updatedAt": "2026-09-23T07:32:48.223Z",
    "stableKey": "n:大赛比赛台",
    "reviewSource": "AI",
    "lockedFields": [],
    "version": 1,
    "missingFromLatestRun": false,
    "archivedAt": null,
    "lastSeenExtractionSessionId": null
  },
  {
    "id": "f718fac1-daed-49e9-91f2-821ff8913963",
    "bookId": "eb35e853-2574-49d6-9436-09538abe2acb",
    "name": "宿舍楼",
    "aliases": [],
    "description": "唐舞麟、云小、周长溪和谢邂冥想休息的地方，清晨唐舞麟离开宿舍楼时在大门前遇到慕曦和高年级学员；学院宿舍楼，欧阳紫馨比试结束后转身朝该方向走去并向唐舞麟告别",
    "confidence": 0.58,
    "status": "PENDING",
    "chapterRef": "第34章",
    "importanceScore": 0.119,
    "tier": "candidate",
    "storyScore": 1,
    "productionScore": 0,
    "pillarCausal": 1,
    "pillarUniqueness": 0,
    "pillarTransition": 0,
    "mentionCount": 12,
    "firstChapter": 34,
    "lastChapter": 183,
    "chapterAppearances": [
      34,
      60,
      79,
      81,
      83,
      86,
      108,
      118,
      183
    ],
    "firstMentionSnippet": "第34章：…楼或二楼教室。 “那边就是教务处啦。你去报道吧。你们中学部的宿舍楼就在教学楼后面。以后要是有什么事，可以到高学部那边找我，我是…",
    "createdAt": "2026-09-23T07:32:48.344Z",
    "updatedAt": "2026-09-23T07:32:48.344Z",
    "stableKey": "n:宿舍楼",
    "reviewSource": "AI",
    "lockedFields": [],
    "version": 1,
    "missingFromLatestRun": false,
    "archivedAt": null,
    "lastSeenExtractionSessionId": null
  },
  {
    "id": "f82b1a73-c699-49e4-af49-e96654763b3e",
    "bookId": "eb35e853-2574-49d6-9436-09538abe2acb",
    "name": "学院食堂",
    "aliases": [
      "食堂"
    ],
    "description": "学院用餐场所，早餐分甲、乙、丙三类，唐舞麟照例吃丙餐且饭量惊人，谢邂吃营养更高的甲餐，食堂大师傅已认识唐舞麟；唐舞麟、谢邂、古月吃晚饭并讨论一班情报的地点；广播在此播放台风与停课通知",
    "confidence": 0.632,
    "status": "PENDING",
    "chapterRef": "第38章",
    "importanceScore": 0.119,
    "tier": "candidate",
    "storyScore": 1,
    "productionScore": 0,
    "pillarCausal": 1,
    "pillarUniqueness": 0,
    "pillarTransition": 0,
    "mentionCount": 94,
    "firstChapter": 38,
    "lastChapter": 1182,
    "chapterAppearances": [
      38,
      39,
      44,
      50,
      57,
      66,
      74,
      83,
      93,
      96,
      132,
      154,
      156,
      164,
      266,
      290,
      291,
      292,
      294,
      298,
      299,
      338,
      341,
      345,
      346,
      350,
      351,
      356,
      425,
      427,
      561,
      791,
      793,
      839,
      865,
      867,
      913,
      1182
    ],
    "firstMentionSnippet": "第96章：…晶果，百年赤炎果以及十滴有龙类血脉百年魂兽的血。” 在走出学院食堂的那一刻，他就有了一个大胆的想法。 以他和谢邂、古月三人的…",
    "createdAt": "2026-09-23T07:32:48.245Z",
    "updatedAt": "2026-09-23T07:32:48.245Z",
    "stableKey": "n:学院食堂",
    "reviewSource": "AI",
    "lockedFields": [],
    "version": 1,
    "missingFromLatestRun": false,
    "archivedAt": null,
    "lastSeenExtractionSessionId": null
  },
  {
    "id": "faad18a8-2df4-4f1d-817d-cb42f2990e93",
    "bookId": "eb35e853-2574-49d6-9436-09538abe2acb",
    "name": "中级部教导处",
    "aliases": [
      "教导处",
      "教导处办公室"
    ],
    "description": "龙恒旭处理本次冲突的场所，五年级一班学员与唐舞麟、谢邂在此接受质询并被处分",
    "confidence": 0.656,
    "status": "PENDING",
    "chapterRef": "第37章",
    "importanceScore": 0.119,
    "tier": "candidate",
    "storyScore": 1,
    "productionScore": 0,
    "pillarCausal": 1,
    "pillarUniqueness": 0,
    "pillarTransition": 0,
    "mentionCount": 23,
    "firstChapter": 37,
    "lastChapter": 444,
    "chapterAppearances": [
      37,
      61,
      65,
      67,
      83,
      182,
      329,
      383,
      444
    ],
    "firstMentionSnippet": "第37章：…在这时，一个雄浑的声音在外面响起。 十分钟后。 东海学院中级部教导处。 “这么说，这是一张被子引发的惨案？”龙恒旭冷冷的看着面前…",
    "createdAt": "2026-09-23T07:32:48.327Z",
    "updatedAt": "2026-09-23T07:32:48.327Z",
    "stableKey": "n:中级部教导处",
    "reviewSource": "AI",
    "lockedFields": [],
    "version": 1,
    "missingFromLatestRun": false,
    "archivedAt": null,
    "lastSeenExtractionSessionId": null
  },
  {
    "id": "fde6c215-65d2-4282-86c4-df43042aa053",
    "bookId": "eb35e853-2574-49d6-9436-09538abe2acb",
    "name": "传灵塔总部",
    "aliases": [],
    "description": "传灵塔原总部地点，距史莱克学院很近；传灵塔担心参赛者顺道去看重建中的史莱克学院，因此未将比武招亲放在总部举办；传灵塔的核心所在地，千古东风计划将传灵塔高级魂师学院建在其旁边",
    "confidence": 0.623,
    "status": "PENDING",
    "chapterRef": "第122章",
    "importanceScore": 0.119,
    "tier": "candidate",
    "storyScore": 1,
    "productionScore": 0,
    "pillarCausal": 1,
    "pillarUniqueness": 0,
    "pillarTransition": 0,
    "mentionCount": 86,
    "firstChapter": 122,
    "lastChapter": 1683,
    "chapterAppearances": [
      122,
      246,
      353,
      354,
      355,
      358,
      359,
      360,
      376,
      428,
      430,
      433,
      434,
      436,
      599,
      622,
      624,
      626,
      742,
      746,
      750,
      751,
      827,
      901,
      925,
      1010,
      1042,
      1058,
      1147,
      1153,
      1156,
      1171,
      1221,
      1224,
      1239,
      1300,
      1350,
      1351,
      1353,
      1354,
      1355,
      1357,
      1469,
      1483,
      1484,
      1485,
      1486,
      1661,
      1662,
      1670,
      1671,
      1673,
      1675,
      1676,
      1683
    ],
    "firstMentionSnippet": "第122章：…外观看，就能感受到它恢弘至极的气势。 分塔都已经是如此了，传灵塔总部，那座号称天灵塔的地方，又将是怎样的巨大啊？ 唐舞麟听人说…",
    "createdAt": "2026-09-23T07:32:48.252Z",
    "updatedAt": "2026-09-23T07:32:48.252Z",
    "stableKey": "n:传灵塔总部",
    "reviewSource": "AI",
    "lockedFields": [],
    "version": 1,
    "missingFromLatestRun": false,
    "archivedAt": null,
    "lastSeenExtractionSessionId": null
  },
  {
    "id": "91c79140-6d16-4cf2-8be8-775f93a4cd63",
    "bookId": "eb35e853-2574-49d6-9436-09538abe2acb",
    "name": "操场",
    "aliases": [],
    "description": "第五班进行体能训练与比试的场地，学员们围绕操场跑圈，中央区域用于谢邂与古月的比试；学院内的操场，唐舞麟与欧阳紫馨在此晨跑比试，一年级各班级随后在此召开临时年级大会",
    "confidence": 0.607,
    "status": "PENDING",
    "chapterRef": "第50章",
    "importanceScore": 0.0375,
    "tier": "archived",
    "storyScore": 0,
    "productionScore": 0.125,
    "pillarCausal": 0,
    "pillarUniqueness": 0,
    "pillarTransition": 0,
    "mentionCount": 49,
    "firstChapter": 50,
    "lastChapter": 1698,
    "chapterAppearances": [
      50,
      62,
      63,
      65,
      66,
      67,
      72,
      82,
      99,
      107,
      108,
      109,
      121,
      132,
      154,
      156,
      183,
      191,
      192,
      616,
      1474,
      1475,
      1476,
      1491,
      1661,
      1665,
      1698
    ],
    "firstMentionSnippet": null,
    "createdAt": "2026-09-23T07:32:48.378Z",
    "updatedAt": "2026-09-23T07:32:48.378Z",
    "stableKey": "n:操场",
    "reviewSource": "AI",
    "lockedFields": [],
    "version": 1,
    "missingFromLatestRun": false,
    "archivedAt": null,
    "lastSeenExtractionSessionId": null
  },
  {
    "id": "68054a64-eeae-4eb5-b8f6-4b2a0b46be9e",
    "bookId": "eb35e853-2574-49d6-9436-09538abe2acb",
    "name": "东海学院食堂",
    "aliases": [],
    "description": "学院食堂，丙餐窗口提供管够的包子与蔬菜汤，中级部包子纪录在此被唐舞麟打破",
    "confidence": 0.328,
    "status": "PENDING",
    "chapterRef": "第39章",
    "importanceScore": 0,
    "tier": "archived",
    "storyScore": 0,
    "productionScore": 0,
    "pillarCausal": 0,
    "pillarUniqueness": 0,
    "pillarTransition": 0,
    "mentionCount": 1,
    "firstChapter": 39,
    "lastChapter": 39,
    "chapterAppearances": [
      39
    ],
    "firstMentionSnippet": null,
    "createdAt": "2026-09-23T07:32:48.391Z",
    "updatedAt": "2026-09-23T07:32:48.391Z",
    "stableKey": "n:东海学院食堂",
    "reviewSource": "AI",
    "lockedFields": [],
    "version": 1,
    "missingFromLatestRun": false,
    "archivedAt": null,
    "lastSeenExtractionSessionId": null
  },
  {
    "id": "794884a3-e770-47dd-8b5b-65bd176c09c0",
    "bookId": "eb35e853-2574-49d6-9436-09538abe2acb",
    "name": "东海学院教务处",
    "aliases": [],
    "description": "东海学院办理入学报道手续的部门，唐舞麟在这里凭金属牌和推荐信完成入学登记",
    "confidence": 0.353,
    "status": "PENDING",
    "chapterRef": "第34章",
    "importanceScore": 0,
    "tier": "archived",
    "storyScore": 0,
    "productionScore": 0,
    "pillarCausal": 0,
    "pillarUniqueness": 0,
    "pillarTransition": 0,
    "mentionCount": 2,
    "firstChapter": 34,
    "lastChapter": 35,
    "chapterAppearances": [
      34,
      35
    ],
    "firstMentionSnippet": null,
    "createdAt": "2026-09-23T07:32:48.387Z",
    "updatedAt": "2026-09-23T07:32:48.387Z",
    "stableKey": "n:东海学院教务处",
    "reviewSource": "AI",
    "lockedFields": [],
    "version": 1,
    "missingFromLatestRun": false,
    "archivedAt": null,
    "lastSeenExtractionSessionId": null
  },
  {
    "id": "8733b0cb-b9ea-4a21-9536-0d5c959d72fb",
    "bookId": "eb35e853-2574-49d6-9436-09538abe2acb",
    "name": "星斗大森林核心圈",
    "aliases": [],
    "description": "唐舞麟此前见过强大魂兽化身成人的地点，罗也曾在那里出现",
    "confidence": 0.459,
    "status": "PENDING",
    "chapterRef": "第460章",
    "importanceScore": 0,
    "tier": "archived",
    "storyScore": 0,
    "productionScore": 0,
    "pillarCausal": 0,
    "pillarUniqueness": 0,
    "pillarTransition": 0,
    "mentionCount": 8,
    "firstChapter": 460,
    "lastChapter": 1663,
    "chapterAppearances": [
      460,
      1011,
      1272,
      1663
    ],
    "firstMentionSnippet": "第460章：…曾经尝试过对它进行围剿，都被它逃脱了。为了不真正的让它疯狂，星斗大森林核心圈现在才一直保留着，并被设为禁地。” “那个唐舞麟的武魂带着一…",
    "createdAt": "2026-09-23T07:32:48.381Z",
    "updatedAt": "2026-09-23T07:32:48.381Z",
    "stableKey": "n:星斗大森林核心圈",
    "reviewSource": "AI",
    "lockedFields": [],
    "version": 1,
    "missingFromLatestRun": false,
    "archivedAt": null,
    "lastSeenExtractionSessionId": null
  },
  {
    "id": "9f69062c-2ca4-4492-bbd2-a3ac97059d12",
    "bookId": "eb35e853-2574-49d6-9436-09538abe2acb",
    "name": "炫唐文化大楼",
    "aliases": [],
    "description": "位于明都大体育场附近的大型写字楼，对外有多家公司办公，实际上是唐门不为人知的地产，内部设有贵宾停车区和专用电梯；炫世唐门科技有限公司旗下的大楼，最顶上三层不对外出租，是唐门隐藏在明都的重要集会处，最高层全部给唐舞麟一人使用，透过单向透光落地窗可看到明都大体育场",
    "confidence": 0.477,
    "status": "PENDING",
    "chapterRef": "第1242章",
    "importanceScore": 0,
    "tier": "archived",
    "storyScore": 0,
    "productionScore": 0,
    "pillarCausal": 0,
    "pillarUniqueness": 0,
    "pillarTransition": 0,
    "mentionCount": 3,
    "firstChapter": 1242,
    "lastChapter": 1243,
    "chapterAppearances": [
      1242,
      1243
    ],
    "firstMentionSnippet": "第1242章：…轿车一直开到了距离明都大体育场不远的一栋高楼前。这栋楼名为 炫唐文化大楼,是一个大型的写字楼,有很多公司在这里办公。事实上,这里是…",
    "createdAt": "2026-09-23T07:32:48.385Z",
    "updatedAt": "2026-09-23T07:32:48.385Z",
    "stableKey": "n:炫唐文化大楼",
    "reviewSource": "AI",
    "lockedFields": [],
    "version": 1,
    "missingFromLatestRun": false,
    "archivedAt": null,
    "lastSeenExtractionSessionId": null
  },
  {
    "id": "ba912a88-b3c0-4d23-bfed-d8eee5563a76",
    "bookId": "eb35e853-2574-49d6-9436-09538abe2acb",
    "name": "东海城小吃街",
    "aliases": [],
    "description": "距离东海学院步行约半小时的街道，两旁店铺林立、香气四溢，有闷罐牛肉店等美食，光龙一伙曾在此收取保护费闹事",
    "confidence": 0.55,
    "status": "PENDING",
    "chapterRef": "第74章",
    "importanceScore": 0,
    "tier": "archived",
    "storyScore": 0,
    "productionScore": 0,
    "pillarCausal": 0,
    "pillarUniqueness": 0,
    "pillarTransition": 0,
    "mentionCount": 8,
    "firstChapter": 74,
    "lastChapter": 484,
    "chapterAppearances": [
      74,
      75,
      76,
      78,
      484
    ],
    "firstMentionSnippet": "第74章：…谢邂道：“先去吃东西吧，这不是你最喜欢的吗？我知道有一条小吃街，我们去那里吃好了。” 唐舞麟道：“确定是你请客吗？”…",
    "createdAt": "2026-09-23T07:32:48.380Z",
    "updatedAt": "2026-09-23T07:32:48.380Z",
    "stableKey": "n:东海城小吃街",
    "reviewSource": "AI",
    "lockedFields": [],
    "version": 1,
    "missingFromLatestRun": false,
    "archivedAt": null,
    "lastSeenExtractionSessionId": null
  },
  {
    "id": "da59ab73-11c9-4a69-acc8-889deddda926",
    "bookId": "eb35e853-2574-49d6-9436-09538abe2acb",
    "name": "东海博物馆",
    "aliases": [],
    "description": "位于东海城市中心偏南的古朴建筑群，由一座主楼和两座副楼组成，主楼展示珍稀魂兽标本和东海城发展史见证物，拍卖场与其联合举办",
    "confidence": 0.499,
    "status": "PENDING",
    "chapterRef": "第89章",
    "importanceScore": 0,
    "tier": "archived",
    "storyScore": 0,
    "productionScore": 0,
    "pillarCausal": 0,
    "pillarUniqueness": 0,
    "pillarTransition": 0,
    "mentionCount": 3,
    "firstChapter": 89,
    "lastChapter": 170,
    "chapterAppearances": [
      89,
      170
    ],
    "firstMentionSnippet": "第89章：…舞麟好奇的问道。 谢邂瞥了一眼跟在旁边笑吟吟的古月，“就在东海博物馆啊！咱们东海城的拍卖场是和博物馆联合举办的。博物馆里有专门的…",
    "createdAt": "2026-09-23T07:32:48.383Z",
    "updatedAt": "2026-09-23T07:32:48.383Z",
    "stableKey": "n:东海博物馆",
    "reviewSource": "AI",
    "lockedFields": [],
    "version": 1,
    "missingFromLatestRun": false,
    "archivedAt": null,
    "lastSeenExtractionSessionId": null
  },
  {
    "id": "e17d4429-c22c-4103-8bfe-da0615a5cbdc",
    "bookId": "eb35e853-2574-49d6-9436-09538abe2acb",
    "name": "东海学院寝室",
    "aliases": [],
    "description": "唐舞麟、周长溪、云小、谢邂合住的寝室，有上下铺，唐舞麟与室友打扫整理后氛围和谐",
    "confidence": 0.306,
    "status": "PENDING",
    "chapterRef": "第39章",
    "importanceScore": 0,
    "tier": "archived",
    "storyScore": 0,
    "productionScore": 0,
    "pillarCausal": 0,
    "pillarUniqueness": 0,
    "pillarTransition": 0,
    "mentionCount": 1,
    "firstChapter": 39,
    "lastChapter": 39,
    "chapterAppearances": [
      39
    ],
    "firstMentionSnippet": null,
    "createdAt": "2026-09-23T07:32:48.389Z",
    "updatedAt": "2026-09-23T07:32:48.389Z",
    "stableKey": "n:东海学院寝室",
    "reviewSource": "AI",
    "lockedFields": [],
    "version": 1,
    "missingFromLatestRun": false,
    "archivedAt": null,
    "lastSeenExtractionSessionId": null
  }
]
